Census Year,Male,Female,Total,HHs,Av. HH Size,Approx. Area (Sq.Km),Density (pop/Km2),page,Age,2010,col_2,col_3,2011,col_5,col_6,2012,col_8,col_9,2013,col_11,col_12,2014*,col_14,col_15,col_1,col_4,Area (HA),Area(HA),Farmers,Area (Ha),Area (ha),Seme,Kisumu West,Kisumu East,Nyando,Nyakach,Muhoroni,Active,Dormant,Membership (No),Share Capital (KSh),Public,Boys,Girls,Males,Teachers 2014*,Standard 1,Standard 2,Standard 3,Standard 4,col_7,Standard 5,Standard 6,Standard 7,col_13,Standard 8,col_16,col_17,Accomodation,Gender,Private,Form 1,Form 2,Form 3,Form 4,"1,092 122 106 5 4",7 02 53 62 6 1,6 121,3 7 2,Status,2009/10,2010/11,2011/12,2012/13,2013/14,Category,2012/2013,Sub-County,Hospitals,Health Centres,Dispensaries,col_10,Clinics,Beds,Type of Personnel,County,National,col_0,Area (Km2),Population 2014
1969 1979 1989 1999 2009,"5,482,381 7,607,113 10,628,368 14,205,589 19,192,458","5,460,324 7,719,948 10,815,268 14,481,018 19,417,639","10,942,705 15,327,061 21,443,636 28,686,607 38,610,097","1,938,186 2,956,369 4,352,751 6,371,370 8,767,954",5.6 5.2 4.9 4.5 4.4,"581,313 581,313 581,313 581,313 581,313",18.8 26.4 36.9 49.3 66.4,24,,,,,,,,,,,,,,,,,,,,,,,,,,,,,,,,,,,,,,,,,,,,,,,,,,,,,,,,,,,,,,,,,,,,,,,,,,,,,,,,,,
Source: Kenya National Bureau of Statistics,,,,,,,,24,,,,,,,,,,,,,,,,,,,,,,,,,,,,,,,,,,,,,,,,,,,,,,,,,,,,,,,,,,,,,,,,,,,,,,,,,,,,,,,,,,
,,,,,,,,25,,Male,Female,Total,Male,Female,Total,Male,Female,Total,Male,Female,Total,Male,Female,Total,,,,,,,,,,,,,,,,,,,,,,,,,,,,,,,,,,,,,,,,,,,,,,,,,,,,,,,,,,,,,,,,,,
,,,,,,,,25,0-4 5-9 10-14 15-19 20-24 25-29 30-34 35-39 40-44 45-49 50-54 55-59 60-64 65-69 70-74 75-79 80+,"79,687 70,608 64,771 56,262 48,937 41,342 30,390 22,425 16,780 12562 11368 9100 6605 4842 3683 2617 2831","80,516 70,135 64,164 58,774 56,337 44,049 28,491 20,760 18,509 14544 12282 9905 7364 5952 4637 3668 4617","160,203 140,743 128,935 115,036 105,274 85,391 58,881 43,185 35,289 27,106 23,650 19,005 13,969 10,794 8,320 6,285 7,448","81,395 71,536 66,121 58,015 50,361 42,327 31,470 23,203 17,433 12801 11541 9405 6852 4912 3689 2558 2756","82,302 71,478 65,455 59,084 56,593 45,985 30,530 21,368 18,933 14897 12555 10220 7623 6035 4624 3556 4489","163,697 143,014 131,576 117,099 106,954 88,312 62,000 44,571 36,366 27,698 24,096 19,625 14,475 10,947 8,313 6,114 7,245","83,101 72,448 67,338 59,649 52,296 43,123 32,623 23,989 18,182 13105 11690 9693 7138 4991 3713 2506 2693","84,023 72,801 66,795 59,668 56,692 47,506 32,899 22,063 19,384 15303 12834 10515 7927 6128 4638 3461 4372","167,124 145,249 134,133 119,317 108,988 90,629 65,522 46,052 37,566 28,408 24,524 20,208 15,065 11,119 8,351 5,967 7,065","84,829 73,334 68,454 61,189 54,559 43,862 33,813 24,807 19,001 13484 11837 9958 7449 5088 3753 2468 2633","85,675 74,090 68,177 60,508 56,710 48,637 35,428 22,935 19,878 15742 13127 10798 8257 6245 4677 3390 4261","170,504 147,424 136,631 121,697 111,269 92,499 69,241 47,742 38,879 29,226 24,964 20,756 15,706 11,333 8,430 5,858 6,894","86,571 74,170 69,509 62,686 56,898 44,721 34,981 25,687 19,840 13939 12008 10195 7761 5220 3804 2446 2576","87,255 75,322 69,596 61,570 56,752 49,428 37,877 24,097 20,429 16190 13442 11074 8591 6401 4733 3345 4154","173,826 149,492 139,105 124,256 113,650 94,149 72,858 49,784 40,269 30,129 25,450 21,269 16,352 11,621 8,537 5,791 6,730",,,,,,,,,,,,,,,,,,,,,,,,,,,,,,,,,,,,,,,,,,,,,,,,,,,,,,,,,,,,,,,,,,
,,,,,,,,25,Total,"484,810","504,704","989,514","496,375","515,727","1,012,102","508,278","527,009","1,035,287","520,518","538,535","1,059,053","533,012","550,256","1,083,268",,,,,,,,,,,,,,,,,,,,,,,,,,,,,,,,,,,,,,,,,,,,,,,,,,,,,,,,,,,,,,,,,,
,,,,,,,,25,Source: Kenya National Bureau of Statistics *Provisional,,,,,,,,,,,,,,,,,,,,,,,,,,,,,,,,,,,,,,,,,,,,,,,,,,,,,,,,,,,,,,,,,,,,,,,,,,,,,,,,,
,,,,,,,,26,,,Total,Males,,,,,,,Males,,,,,,Females,Females,,,,,,,,,,,,,,,,,,,,,,,,,,,,,,,,,,,,,,,,,,,,,,,,,,,,,,,,,,,,,,,,
,,,,,,,,26,,,"36,501 67,393 98,895 226,643 100,346 157,747 335,347 529,778 529,275 510,553 571,979 32,515","18,771 34,288 50,055 114,395 51,957 80,368 168,739 269,466 263,546 258,752 288,716 14,046",,,,,,,"18,393 33,598 49,194 112,884 50,827 77,469 163,516 264,896 255,622 250,715 279,959 13,942",,,,,,"18,105 33,794 49,706 113,759 49,533 80,264 171,823 264,896 273,639 259,838 292,020 18,573","18,438 34,417 50,593 115,884 50,443 80,720 175,898 269,775 280,481 266,343 299,450 18,633",,,,,,,,,,,,,,,,,,,,,,,,,,,,,,,,,,,,,,,,,,,,,,,,,,,,,,,,,,,,,,,,
,,,,,,,,27,,,Total,Male,,,,,,,Male,,,,,,Female,Female,,,,,,,,,,,,,,,,,,,,,,,,,,,,,,,,,,,,,,,,,,,,,,,,,,,,,,,,,,,,,,,,
,,,,,,,,27,,,"25,771 8,184","16,086 5,010",,,,,,,"13,421 4,166",,,,,,"12,350 4,018","15,779 3,904",,,,,,,,,,,,,,,,,,,,,,,,,,,,,,,,,,,,,,,,,,,,,,,,,,,,,,,,,,,,,,,,
,,,,,,,,27,,,Number,Health Facility (%),,,,,,,Health Facility (%),,,,,,Home (%),Home (%),,,,,,,,,,,,,,,,,,,,,,,,,,,,,,,,,,,,,,,,,,,,,,,,,,,,,,,,,,,,,,,,
,,,,,,,,27,,,"25,771 8,184",93.8 48.2,,,,,,,88.8 43.6,,,,,,11.2 56.4,6.2 51.8,,,,,,,,,,,,,,,,,,,,,,,,,,,,,,,,,,,,,,,,,,,,,,,,,,,,,,,,,,,,,,,,
,,,,,,,,27,,,Coverage,Expected,,,,,,,Expected,,,,,,Registered,Registered,,,,,,,,,,,,,,,,,,,,,,,,,,,,,,,,,,,,,,,,,,,,,,,,,,,,,,,,,,,,,,,,
,,,,,,,,27,,,53.6 51.3,"49,090 16,279",,,,,,,"48,089 15,968",,,,,,"25,771 8 ,184","31,865 8,914",,,,,,,,,,,,,,,,,,,,,,,,,,,,,,,,,,,,,,,,,,,,,,,,,,,,,,,,,,,,,,,,
,,,"1 ,164 7 89 7 29 4 38 4 30 3 61 3 48 3 42 2 57 2 52 3 ,804",,,,,27,,,,,,,,,,,,,,,,,,,,,,,,,,,,,,,,,,,,,,,,,,,,,,,,,,,,,,,,,,,,,,,,,,,,,,,,,,,,,,,,,,
,,,"8 ,914",,,,,27,,,,,,,,,,,,,,,,,,,,,,,,,,,,,,,,,,,,,,,,,,,,,,,,,,,,,,,,,,,,,,,,,,,,,,,,,,,,,,,,,,
,,,,,,,,31,,,Yield(Ton s/Ha),Area(Ha),,,,,,,Area(Ha),,,,,,Production(Ton s),Production(Ton s),,,,,,,,,,,,,,,,,,,,,,,,,,,,,,,,,,,,,,,,,,,,,,,,,,,,,,,,,,,,,,,,
,,,,,,,,31,,,22.9 3.8 20.3 1.1 10.0 10.1 8.8 10.7 10.7,"27,150 4,540 11,160 23 8,095 1,462 1,423 1,573 1,106",,,,,,,"32,069 4,930 11,082 51 7,880 1,304 1,516 2,094 1,899",,,,,,"682,806 18,633 225,150 55 79,017 13,184 13,316 22,379 20,270","607,234 18,390 210,654 65 73,911 13,184 13,100 17,390 12,205",,,,,,,,,,,,,,,,,,,,,,,,,,,,,,,,,,,,,,,,,,,,,,,,,,,,,,,,,,,,,,,,
,,,,,,,,31,,,98.4,"56,532",,,,,,,"62,825",,,,,,"1,074,810","966,133",,,,,,,,,,,,,,,,,,,,,,,,,,,,,,,,,,,,,,,,,,,,,,,,,,,,,,,,,,,,,,,,
,,,,,,,,32,,,Long rains,Short rains,,,,,,,,,,,,,Short rains,,Long rains,,,,,,,,,,,,,,,,,,,,,,,,,,,,,,,,,,,,,,,,,,,,,,,,,,,,,,,,,,,,,,,
,,,,,,,,32,,,"15,500.0 340.0 2,250.0 120.0 4,240.0 330.0 350.0 45.0 48.0 350.0 224.0 300.0","3 ,240.0 9 4.0 1 ,250.0 6 0.0 2 ,800.0 1 80.0 2 00.0 4 5.0 4 5.0 2 00.0 1 60.0 4 50.0",,,,,,,,,,,,,4 25.0 1 4.0 1 62.0 0 .1 2 57.0 2 4.0 2 2.0 2 .4 3 .5 1 3.0 6 .5 7 0.0,,"2,650.0 32.0 295.0 0.2 340.0 15.0 21.0 4.9 3.6 21.0 9.2 51.0",,,,,,,,,,,,,,,,,,,,,,,,,,,,,,,,,,,,,,,,,,,,,,,,,,,,,,,,,,,,,,,
,,,,,,,,32,,,"24,097","8 ,724",,,,,,,,,,,,,"1 ,000",,"3,443",,,,,,,,,,,,,,,,,,,,,,,,,,,,,,,,,,,,,,,,,,,,,,,,,,,,,,,,,,,,,,,
,,,,,,,,32,,,Short Rains,,,,,,,,,,,,,,Long Rains,,,,,,,,,,,,,,,,,,,,,,,,,,,,,,,,,,,,,,,,,,,,,,,,,,,,,,,,,,,,,,,,,
,,,,,,,,32,,,120 440 310 80 15,,,,,,,,,,,,,,250 530 470 112 12,,,60 200 36 4 5,,,,,,,,,,,,,,,,,,,,,,,,,,,,,,,,,,,,,,,,,,,,,,,,,,,,,,,,,,,,,,
,,,,,,,,32,,,965,,,,,,,,,,,,,,"1,374",,,305,,,,,,,,,,,,,,,,,,,,,,,,,,,,,,,,,,,,,,,,,,,,,,,,,,,,,,,,,,,,,,
,,,,,,,,32,,,,,,,,,,,,,,,,,,,,,"10 1,176 14,585","188 1,100 43,700",,,,,,,,,,,,,,,,,,,,,,,,,,,,,,,,,,,,,,,,,,,,,,,,,,,,,,,,,,,,
,,,,,,,,32,,,,,,,,,,,,,,,,,,,,,"15,771","44,988",,,,,,,,,,,,,,,,,,,,,,,,,,,,,,,,,,,,,,,,,,,,,,,,,,,,,,,,,,,,
,,,,,,,,33,,,,,,,,,,,,,,,,,,,,,,,"44,988 66 222 133",,,,,,,,,,,,,,,,,,,,,,,,,,,,,,,,,,,,,,,,,,,,,,,,,,,,,,,,,,,
,,,,,,,,33,,,,,,,,,,,"25 5 - 15 10 2 2 5,560",,,,,,,,,,,,,,,,,,,,,,,,,,,,,,,,,,,,,,,,,,,,,,,,,,,,,,,,,,,,,,,,,,,,,,,
,,,,,,,,34,,,,,,,,,,,,,,,,,,,,,,,,"2 ,448 6 6,374 2 7,454 3 28 3 9,736 1 87 2 50,000 3 0,500 1 03,500 7 50 3 8 2 25 500 -","3 ,950 1 8,435 3 0,500 3 20 1 3,500 3 83 7 0,000 2 5,950 1 87,060 1 ,472 4 2 50 60 -","2 ,060 2 0,402 1 4,220 4 56 3 4,845 8 28 9 ,000 5 ,500 1 82,900 2 ,176 - 3 46 560 2","2 ,560 4 3,800 4 0,000 2 50 3 6,800 2 ,160 5 00 8 ,000 1 63,418 2 ,571 5 1 4 59 120 -","3 ,693 5 9,100 6 8,000 5 20 5 0,100 1 31 3 ,000 9 ,500 1 34,000 1 9 - 7 00 1,638 -","5 ,005 6 9,930 6 0,000 3 00 6 7,000 1 ,435 3 0,000 8 ,700 9 1,400 1 27 2 7 3 50 450 -",,,,,,,,,,,,,,,,,,,,,,,,,,,,,,,,,,,,,,,,,,,,,,,,,,,,,
,,,,,,,,40,,,Active,,,,,,,,Active,,,,,,Dormant,,,,,,,,,,,,,,,,,,,,,,,,,,,,,,,,,,,,,,,,,,,,,,,,,,,,,,,,,,,,,,,,,
,,,,,,,,40,,,20 18 101 50 93,,,,,,,,16 15 92 44 88,,,,,,8 7 44 23 20,,,,,,,,,,,,,,,,,,,,,,,,,,,,,,,,,,,,,,,,,,,,,,,,,,,,,,,,,,,,,,,,,
,,,,,,,,40,,,282,,,,,,,,255,,,,,,102,,,,,,,,,,,,,,,,,,,,,,,,,,,,,,,,,,,,,,,,,,,,,,,,,,,,,,,,,,,,,,,,,
,,,,,,,,40,,,,,,,,,,,,,,,,,,,,,,,,,,,,,,2 2 4 1 7 7 4 1 4 6 1 6 1 9 5 4 1 1 8,- 2 5 2 3 6 6 1 5 3 5 6 1 1 1 1 1 1 3 7 3,,,,,,,,,,,,,,,,,,,,,,,,,,,,,,,,,,,,,,,,,,,,,,,,,,,
,,,,,,,,41,,,,2014*,,,,,,,,,,,,,2014*,2013,,,,,,,,,,,,,,2013,2013,,,,,,,,,,,,,,,,,,,,,,,,,,,,,,,,,,,,,,,,,,,,,,,,,
,,,,,,,,41,,,,"9 7,054,333 6 2,132,231 7 62,204,300 9 1,876,445 1 71,504,548",,,,,,,,,,,,,"1 ,519 9 ,567 3 8,134 1 7,222 2 6,560","1 3,587,310 2 8,960,515 1 02,820,525 7 7,778,524 4 7,493,678",,,,,,,,,,,,,,"1 ,438 8 ,960 3 3,197 1 6,800 2 4,680","95,064,69 6 0,110,930 7 56,404,400 8 8,651 1 65,652,220",,,,,,,,,,,,,,,,,,,,,,,,,,,,,,,,,,,,,,,,,,,,,,,,,
,,,,,,,,41,,,,"1,184,771,857",,,,,,,,,,,,,"93,002","270,640,552",,,,,,,,,,,,,,"85,075","982,256,201",,,,,,,,,,,,,,,,,,,,,,,,,,,,,,,,,,,,,,,,,,,,,,,,,
,10 21 27 43,8 16 18 37,,,,,,41,,,,,,,,,,,,,,,,,,,,,,,,,,,,,,,,,,,,,,,,,,,,,,,,,,,,,,,,,,,,,,,,,,,,,,,,,,,,,,,,,,
,,,,,,,,46,,,2013,,,,,,,,,,,,,,2014*,,,,,,,,,,,,,,,,,2013,,,,,,,,,,,,,,,,,,,,,,,,,,,,,,,,,,,,,,,,,,,,,,,,
,,,,,,,,46,,,.. .. .. .. .. .. 1 ..,,,,,,,,,,,,,,6 92 6 07 2 19 1 1 1 1 ..,,,,,,,,,,,,,,,,,.. .. .. 1 1 1 1 ..,,,,,,,,,,,,,,,,,,,,,,,,,,,,,,,,,,,,,,,,,,,,,,,,
,,,,,,,,46,,,1,,,,,,,,,,,,,,"1,522",,,,,,,,,,,,,,,,,4,,,,,,,,,,,,,,,,,,,,,,,,,,,,,,,,,,,,,,,,,,,,,,,,
,,,,,,,,47,,,,,,,,,,,"32,618 34,366",,,,,,,,,,,,,,,,,,,,,,,,,,,,,,,,,,,,,,,,,,,,,,,,,,,,,,,,,,,,,,,,,,,,,,,
,,,,,,,,47,,,,,,,,,,,"66,984",,,,,,,,,,,,,,,,,,,,,,,,,,,,,,,,,,,,,,,,,,,,,,,,,,,,,,,,,,,,,,,,,,,,,,,
,,,,,,,,47,,,,,,,,,,,,,,,,,,,,,,,,,,,,,,,,,,,"26,990 8,684","26,541 8,381",,,,,,,,,,,,,,,,,,,,,,,,,,,,,,,,,,,,,,,,,,,,,,
,,,,,,,,47,,,,,,,,,,,,,,,,,,,,,,,,,,,,,,,,,,,"35,674","34,922",,,,,,,,,,,,,,,,,,,,,,,,,,,,,,,,,,,,,,,,,,,,,,
,,"3 4,923 70.4 69.1",,,,,,47,,,,,,,,,,,,,,,,,,,,,,,,,,,,,,,,,,,,,"3 5,673 69.1 67.9",,,,,,,,,,,,,,,,,,,,,,,,,,,,,,,,,,,,,,,,,,,,,
,,,,,,,,47,,,,,,,,,,,,,,,,,Female,,,,,,,,,,,,,,,,,,,,,Male,,,,,,,,,,,,,,,,,,,,,,,,,,,,,,,,,,,,,,,,,,,,
,,,,,,,,47,,,,,,,,,,,,,,,,,"1,398 776",,,,,,,,,,,,,,,,,,,,,1 52 1 05,,,,,,,,,,,,,,,,,,,,,,,,,,,,,,,,,,,,,,,,,,,,
,,,,,,,,47,,,,,,,,,,,,,,,,,"2,174",,,,,,,,,,,,,,,,,,,,,2 57,,,,,,,,,,,,,,,,,,,,,,,,,,,,,,,,,,,,,,,,,,,,
,,,,,,,,47,,,,,,,,,,,,,,,,,,,,,,,,,,,,,,,,,,,"117,886 13,497","118,869 13,498",,,,,,,,,,,,,,,,,,,,,,,,,,,,,,,,,,,,,,,,,,,,,,
,,,,,,,,47,,,,,,,,,,,,,,,,,,,,,,,,,,,,,,,,,,,"131,383","132,367",,,,,,,,,,,,,,,,,,,,,,,,,,,,,,,,,,,,,,,,,,,,,,
,,,,,,,,48,,,,Girls,,Girls,,,,Girls,,Girls,,,,Girls,Girls,,,,,,,,,,,,,,,,,,,,,,Boys,Boys,Boys,Boys,Girls,Boys,Boys,Boys,Girls,Boys,Boys,Girls,,,,,,,,,,,,,,,,,,,,,,,,,,,,,,,,
,,,,,,,,48,,,,"2,747 2,014 1,966 2,772 2,969 2,908 2,183",,"2,697 1,884 1,833 2,660 3,063 2,916 2,139",,,,"2,551 1,821 1,994 2,540 3,196 2,848 2,155",,"2,345 1,710 2,056 2,469 3,064 2,823 2,319",,,,"1,946 1,129 1,468 1,712 1,993 1,715 1,586","2,732 1,982 1,911 2,832 3,037 2,942 2,314",,,,,,,,,,,,,,,,,,,,,,"2,615 1,969 2,001 3,016 3,161 2,967 2,375","2,590 1,919 1,984 2,817 3,009 2,929 2,176","2,613 1,827 1,947 2,817 3,045 3,013 2,319","2,461 1,895 1,937 2,664 3,208 3,040 2,267","2,768 1,973 1,962 2,745 3,153 2,931 2,279","2,306 1,738 1,982 2,559 3,047 2,739 2,138","2,351 1,580 2,011 2,503 3,094 2,739 2,135","2,296 1,686 2,070 2,420 3,199 2,752 2,145","2,422 1,617 2,183 2,404 3,148 2,693 2,148","1,805 1,008 1,414 1,755 2,080 1,781 1,469","1 9,037 1 3,622 1 5,346 2 0,551 2 3,843 2 1,960 1 7,024","2 0,208 1 4,130 1 5,373 2 0,134 2 3,623 2 1,776 1 7,123",,,,,,,,,,,,,,,,,,,,,,,,,,,,,,,,
,,,,,,,,48,,,,"17,559",,"17,192",,,,"17,105",,"16,786",,,,"11,549","17,750",,,,,,,,,,,,,,,,,,,,,,"18,104","17,424","17,581","17,472","17,811","16,509","16,413","16,568","16,615","11,312","1 31,383","1 32,367",,,,,,,,,,,,,,,,,,,,,,,,,,,,,,,,
,,"1 32,367 113.9 96.7",,,,,,49,,,,,,,,,,,,,,,,,,,,,,,,,,,,,,,,,,,,,"1 31,383 108.6 93.2",,,,,,,,,,,,,,,,,,,,,,,,,,,,,,,,,,,,,,,,,,,,,
,,,,,,,,49,,,,,,,,,,,,,,,,,,,,,,,,,,,,,,,,,,,"1,075 936 870 1,062 961 1,035 1,514 216","890 777 727 918 785 951 1,363 156",,,,,,,,,,,,,,,,,,,,,,,,,,,,,,,,,,,,,,,,,,,,,,
,,,,,,,,49,,,,,,,,,,,,,,,,,,,,,,,,,,,,,,,,,,,"7,699","6,567",,,,,,,,,,,,,,,,,,,,,,,,,,,,,,,,,,,,,,,,,,,,,,
,,,,,,,,49,,,,,,,,,,,,,,Male,,,Female,,,,,,,,,,,,,,,,,,,,,,,,,,,,,,,,,,,,,,,,,,,,,,,,,,,,,,,,,,,,,,,,,
,,,,,,,,49,,,,,,,,,,,,,,"317 769 374 1,340 1 2",,,"3 36 5 68 516 1 ,437 - 2",,,,,,,,,,,,,,,,,,,,,,,,,,,,,,,,,,,,,,,,,,,,,,,,,,,,,,,,,,,,,,,,,
,,,,,,,,49,,,,,,,,,,,,,,"2 ,803",,,"2 ,859",,,,,,,,,,,,,,,,,,,,,,,,,,,,,,,,,,,,,,,,,,,,,,,,,,,,,,,,,,,,,,,,,
,,,,,,,,50,,,Mixed,,,,,,,,,,,,,,Boarding,Girls,,,,,,,,,,,,,,,,,,,,,,,,,,,,,,,,,Day,Boys,,,,,,,,,,,,,,,,,,,,,,,,,,,,,,
,,,,,,,,50,,,41 6,,,,,,,,,,,,,,156 12,25 1,,,,,,,,,,,,,,,,,,,,,,,,,,,,,,,,,21 3,14 2,,,,,,,,,,,,,,,,,,,,,,,,,,,,,,
,,,,,,,,50,,,47,,,,,,,,,,,,,,168,26,,,,,,,,,,,,,,,,,,,,,,,,,,,,,,,,,24,16,,,,,,,,,,,,,,,,,,,,,,,,,,,,,,
,,,,,,,,50,,,,Girls,,,,,,,,,,,,,Girls,Boys,,,,,,,,,,,,,,,,Boys,,,,,,,,,,,,,,,,,,,Boys,,,,,,,,,,,,,,,,,,,,,,,,,,,,,
,,,,,,,,50,,,,340 269 251 272,,,,,,,,,,,,,"9,538 8,684 7,255 6,009",36 92 185 166,,,,,,,,,,,,,,,,"9,043 8,971 8,155 6,877",,,,,,,,,,,,,,,,,,,3 00 2 88 2 76 2 98,,,,,,,,,,,,,,,,,,,,,,,,,,,,,
,,,,,,,,50,,,,"1,132",,,,,,,,,,,,,"31,486",479,,,,,,,,,,,,,,,,"33,046",,,,,,,,,,,,,,,,,,,"1 ,162",,,,,,,,,,,,,,,,,,,,,,,,,,,,,
,,,,,,,,50,,,,Girls,,Girls,,,Boys,Girls,,,,,,,Girls,,,,,,,,,,,,,,,,,,,,,,,,,,Girls,,,,,,,,,,,Boys,Boys,Boys,Boys,,,,,,,,,,,,,,,,,,,,,,,,,
,,,,,,,,50,,,,"1,316 475 1,392 1,139 2,130 1,455 1,046",,"1,205 405 1,071 970 1,793 1,169 893",,,"4,399 1,986 5,742 4,226 7,873 6,166 3,816","4,987 1,750 4,907 4,123 7,988 5,041 3,822",,,,,,,"1,382 538 1,503 1,259 2,495 1,550 1,151",,,,,,,,,,,,,,,,,,,,,,,,,,"1,084 332 941 755 1,570 867 732",,,,,,,,,,,"1,133 613 1,614 1,152 2,047 1,778 1,006","1,247 528 1,567 1,128 2,071 1,661 1,058","1,046 481 1,374 1,051 1,981 1,543 955","973 364 1,187 895 1,774 1,184 797",,,,,,,,,,,,,,,,,,,,,,,,,
,,,,,,,,50,,,,"8,953",,"7,506",,,"34,208","32,618",,,,,,,"9,878",,,,,,,,,,,,,,,,,,,,,,,,,,"6,281",,,,,,,,,,,"9,343","9,260","8,431","7,174",,,,,,,,,,,,,,,,,,,,,,,,,
,,"32,618 6 8.0 5 8.5",,,,,,50,,,,,,,,,,,,,,,,,,,,,,,,,,,,,,,,,,,,,"34,208 6 8.5 5 7.7",,,,,,,,,,,,,,,,,,,,,,,,,,,,,,,,,,,,,,,,,,,,,
,,,,,,,,51,,,,,,,,,,,,,,,,,,,,,,,,,,,,,,,,,,,,,,,,,,,,,,,,,,,,,,,,,,"1,329",8 24,,,,,,,,,,,,,,,,,,,,,,,
,,,,,,,,51,,,,,,,,,,,,,,,,,,,,,,,,,,,,,,,,,,,,,,,,,,,,,,,,,,,,,,,,,,,,127,7 5,,,,,,,,,,,,,,,,,,,,,
,,,,,,,,51,,,,,,,,,,,,,,,,,,,,,,,,,,,,,,,,,,,,,,,,,,,,,,,,,,,,,,,,,,,,"1,456",8 99,,,,,,,,,,,,,,,,,,,,,
,,,,,,,,51,,,Female,Male,,,,,,,Male,,,,,,,,,,,,,,,,,,,,,,,,,,,,,,,,,,,,,,,,,,,,,,,,,,,,,,,,,,,,,,,,,,,,,,,
,,,,,,,,51,,,"1 ,267 .. 3 06","2 ,775 .. 5 44",,,,,,,"2,126 .. 434",,,,,,,,,,,,,,,,,,,,,,,,,,,,,,,,,,,,,,,,,,,,,,,,,,,Public . Public,,,,,,,,,,,,,,,,,,,,
,,,,,,,,51,,,"1 ,573","3 ,319",,,,,,,"2,560",,,,,,,,,,,,,,,,,,,,,,,,,,,,,,,,,,,,,,,,,,,,,,,,,,,,,,,,,,,,,,,,,,,,,,,
,,,,,,,,51,,,,,,,,,,,,,,,,,,,,,,,,,,,,,,,,,,,,,,,,,,,,,,,,,,,,,,,,,,,,,,,"2,247 1,757 1,610 5,615 349","2,007 1,570 1,438 5,015 312","1,715 1,341 1,229 4,285 266","1,514 2,374 2,224 6,112 265","1,514 250 2,160 6,174 327",,,,,,,,,,,,,,,
,,,,,,,,51,,,,,,,,,,,,,,,,,,,,,,,,,,,,,,,,,,,,,,,,,,,,,,,,,,,,,,,,,,,,,,,"5,963","5,327","4,551","6,377","6,501",,,,,,,,,,,,,,,
,,,,,,,,52,,,,,,,,,,,8 2 7 1 7 2 4 2 2 2 8,,,,,,,,,,,,,,,,,,,,,,,,,,,,,,,,,,,,,,,,,,,,,,,,,,,,,,,,,,,,,,,,,,,,,,,
,,,,,,,,52,,,,,,,,,,,1 26,,,,,,,,,,,,,,,,,,,,,,,,,,,,,,,,,,,,,,,,,,,,,,,,,,,,,,,,,,,,,,,,,,,,,,,
,,,,,,,,52,,,Female,Total,,Female,,,,,,,,,,,,Male,,,,,,,,,,,,,,,,,,,,,,,,,,,,,,,,,,,,,,,,,,,,,,,,,,,Male,,,,,,,,,,,,,
,,,,,,,,52,,,88 88 50 182 182 95 54 54 49 156 156 153 48 48 42 47 47 47 575,1 29 1 29 8 6 3 36 3 36 2 18 7 6 7 6 6 9 1 75 1 75 1 71 5 6 5 6 4 8 6 8 6 8 6 2 8 40,,6 1 6 1 4 8 1 84 1 82 1 30 2 5 2 5 2 1 7 0 7 0 6 9 6 9 6 9 6 1 5 5 5 5 5 0 4 64,,,,,,,,,,,,3 6 3 6 2 5 1 78 1 70 7 8 1 6 1 6 1 5 7 7 7 2 1 2 1 1 5 3 1 3 1 2 7 2 89,,,,,,,,,,,,,,,,,,,,,,,,,,,,,,,,,,,,,,,,,,,,,,,,,,Enrolment No. Sat No. Passed Enrolment No. Sat No. Passed Enrolment No. Sat No. Passed Enrolment No. Sat No. Passed Enrolment No. Sat No. Passed Enrolment No. Sat No. Passed Enrolment,41 41 36 154 154 123 22 22 20 19 19 18 8 8 6 21 21 15 265,,,,,,,,,,,,,
,,,,,,,,52,,,575,8 40,,4 62,,,,,,,,,,,,2 81,,,,,,,,,,,,,,,,,,,,,,,,,,,,,,,,,,,,,,,,,,,,,,,,,,No. Sat,265,,,,,,,,,,,,,
,,,,,,,,52,,,436,6 54,,3 79,,,,,,,,,,,,1 67,,,,,,,,,,,,,,,,,,,,,,,,,,,,,,,,,,,,,,,,,,,,,,,,,,No. Passed,218,,,,,,,,,,,,,
,,,,,,,,55,,,Faith Based Organisation s,Private,,,Faith Based Organisations,,NGO,,,Private,NGO,,Faith Based Organisatio ns,Private,,NGO,,,,,,,,,,,,,,,,,,,,,,,,,Private,,,,,,NGO,,,,,,,,,,,,,,,,,,,,,,Government,Government,Government,Faith Based Organisations,Government,,,,,,,
,,,,,,,,55,,,1 1 - 2 1 -,8 2 - - 1 -,,,1 - 2 1 1 -,,2 - 1 - 1 -,,,1 - 1 - - -,4 - 1 - - -,,2 - - - - -,24 2 - 3 2 2,,1 - - - - -,,,,,,,,,,,,,,,,,,,,,,,,,1 - 2 - - -,,,,,,5 - - - 1 -,,,,,,,,,,,,,,,,,,,,,Kisumu East Kisumu West Muhoroni Nyakach Nyando Seme,3 2 2 1 2 2,3 3 4 4 4 3,14 13 18 14 10 15,2 - - 2 - 1,- - - 1 - -,,,,,,,
,,,,,,,,55,,,5,11,,,5,,4,,,2,5,,2,33,,1,,,,,,,,,,,,,,,,,,,,,,,,,3,,,,,,6,,,,,,,,,,,,,,,,,,,,,Total,12,21,84,5,1,,,,,,,
,,,,,,,,55,,,,,,,,,,,,,,,,,,,,,,,,,,,,,,,,,,,,,,,,,,,,,,,,,,,,,,,,,,,,,,,,,,,,,,"Source: Ministry of Health, County Government of Kisumu *Provisional",,,,,,,,,,,,
,,,,,,,,55,,,,,,,,,,,,,,,,,,,,,,,,,,,,,,,,,,,,,,,,,,,,,,,,,,,,,,,,,,,,,,,,,,,,,,,,,,,,"1,135 255 343 178 166 112",,,,,,
,,,,,,,,55,,,,,,,,,,,,,,,,,,,,,,,,,,,,,,,,,,,,,,,,,,,,,,,,,,,,,,,,,,,,,,,,,,,,,,,,,,,,"2,189",,,,,,
,,,,,,,,56,,,,,,,"- 1,964 38,894 2,547 96 433 - 1,559 1,336 - 80,474 100,764 715 28 39,200 - 21,683 - 578 4,737 178 5,724 - 6 - 1,080 277 60 123 1,053 92 125,559 - 7,233 127 - - 118 - 86 117 886 2,745 - -",,,,,,,,,,,,,,,,,"- 296 5,234 469 - 79 - 205 80 - 15,355 21,468 109 2 5,984 - 3,079 - 183 589 2 721 - - - 184 58 1 26 67 13 21,131 - 673 8 - - 9 - 37 1 76 454 - -","- 262 3,459 334 3 75 - 178 167 - 9,919 19,284 59 5 6,224 - 2,905 - 32 321 49 658 - - - 146 23 - 6 93 15 20,503 - 430 9 - - 4 - - 20 123 447 - -","- 472 19,924 673 39 58 - 353 655 - 24,296 15,833 304 10 12,615 - 5,810 - 193 2,155 29 2,062 - 3 - 364 126 46 34 377 17 28,747 - 3,254 39 - - 60 - 8 55 339 781 - -","- 362 2,346 597 22 107 - 276 140 - 12,767 17,864 126 8 4,230 - 3,138 - 75 596 48 574 - - - 183 11 7 34 205 9 17,944 - 1,103 43 - - 36 - 1 25 152 328 - -","- 186 4,277 104 12 52 - 243 177 - 10,983 10,755 63 - 4,799 - 3,505 - 45 445 3 805 - 1 - 81 9 5 6 173 3 18,911 - 494 12 - - 1 - 6 5 82 368 - -","- 386 3,654 370 20 62 - 304 117 - 7,154 15,560 54 3 5,348 - 3,246 - 50 631 47 904 - 2 - 122 50 1 17 138 35 18,323 - 1,279 16 - - 8 - 34 11 114 367 - -",,,,,,,,,,,,,,,,,,,,,,,,,,,,,,,,,,,,,,,,,,,,,,,,,,,,,
,,,,,,,,56,,,,,,,"440,472",,,,,,,,,,,,,,,,,"76,593","65,753","119,731","63,357","56,611","58,427",,,,,,,,,,,,,,,,,,,,,,,,,,,,,,,,,,,,,,,,,,,,,,,,,,,,,
,,,,,,,,56,,,,,,,"236,111 119,276 1,952 1,868",,,,,,,,,,,,,,,,,"31,317 26,883 590 345","34,159 12,163 30 257","66,348 40,998 114 283","39,352 12,591 355 222","32,142 13,723 29 103","32,793 12,918 834 658",,,,,,,,,,,,,,,,,,,,,,,,,,,,,,,,,,,,,,,,,,,,,,,,,,,,,
,,,,,,,,57,,,,,,,"1,394 14,763 142,564 3,783 331 3,008 1,160 1,789 2,910 1 153,965 206,589 8,569 3,542 29,219 774 68,335 - 2,472 9,728 1,258 18,783 10,984 446 5,785 475 414 64 942 1,661 203,894 1 13,340 646 - 17,540 605 6,972 - 1,265 29,676 19,312 - -",,,,,,,,,,,,,,,,,"89 1,539 15,138 566 6 510 18 253 270 - 24,877 36,187 992 70 3,906 190 9,158 - 492 991 167 3,380 853 22 691 110 17 3 75 204 32,572 - 1,370 35 - 2,515 62 495 - 32 1,565 1,949 - -","127 2,758 22,818 481 33 437 73 207 470 1 21,466 38,902 1,492 248 4,723 95 12,931 - 500 1,191 134 2,136 907 201 616 42 17 4 85 110 36,792 - 1,451 125 - 3,235 47 1,257 - 129 2,995 3,091 - -","539 3,477 64,493 1,278 166 591 940 441 1,087 - 41,085 36,034 1,376 1,994 7,943 210 14,469 - 458 4,107 267 7,511 3,813 73 1,961 125 309 34 429 850 36,404 - 4,928 258 - 3,946 295 3,197 - 784 13,759 7,874 - -","408 2,178 8,944 687 23 484 43 289 239 - 21,740 33,345 780 147 3,584 102 9,877 - 204 1,154 220 1,633 759 32 1,252 89 6 10 63 250 37,346 1 1,976 110 - 3,248 105 697 - 202 3,875 2,023 - -","87 2,353 15,933 243 24 432 3 260 513 - 28,133 28,328 2,324 146 4,298 67 10,293 - 529 1,165 161 1,836 1,165 14 491 7 11 7 92 65 30,113 - 1,512 40 - 1,540 65 642 - 55 2,650 1,936 - -","144 2,458 15,238 528 79 554 83 339 331 - 16,664 33,793 1,605 937 4,765 110 11,607 - 289 1,120 309 2,287 3,487 104 774 102 54 6 198 182 30,667 - 2,103 78 - 3,056 31 684 - 63 4,832 2,439 - -",,,,,,,,,,,,,,,,,,,,,,,,,,,,,,,,,,,,,,,,,,,,,,,,,,,,,
,,,,,,,,57,,,,,,,"988,959",,,,,,,,,,,,,,,,,"141,369","162,327","267,505","138,125","137,533","142,100",,,,,,,,,,,,,,,,,,,,,,,,,,,,,,,,,,,,,,,,,,,,,,,,,,,,,
,,,,,,,,57,,,,,,,"642,105 327,348 3,088 6,434",,,,,,,,,,,,,,,,,"79,078 41,883 429 1,090","97,666 39,621 649 1,736","205,856 161,702 215 949","78,959 26,369 774 716","93,928 29,594 44 631","86,618 28,179 977 1,312",,,,,,,,,,,,,,,,,,,,,,,,,,,,,,,,,,,,,,,,,,,,,,,,,,,,,
,,,,,,,,58,,,"No. Per 100,000 Population",,,,,,,,,,,Total,,,,,,,,,,,,,,,,,,,,,,,,,,,,,,,,,,,,,,,,,,,,,,,,,,,,,,,,,,,,,,,,,,,,
,,,,,,,,58,,,6 1 0 10 3 2 1 24 10 5 2 1 2 0 1 0 7 2 0 1 2 0,,,,,,,,,,,67 8 3 109 32 18 10 262 109 50 22 7 18 4 8 _ 74 21 5 9 17 _,,,,,,,,,,,,,,,,,,,,,,,,,,,,,,,,,,,,,,,,,,,,,,,,,,,,,,,,,,,,,,,Doctors/ Medical Officers………………… Dentists…………………………………… Dental Technologists……………………… Registered Clinical Officers (RCO)……… Pharmacists……………………………… Pharmaceutical Technologists…………… Nurses (BSc)…………………………… Registered Nurses………………………… Enrolled Nurses…………………………… Public Health officers……………………… Public Health Technicians……………… Occupational Therapists………………… Phsiotherapists…………………………… Orthopedic………………………………… Medical Social Workers………………… Plaster Technicians……………………… Laboratory Technologist………………… Health & Record Information officrs………. Health & Record Information Technicians Nutrionists……………………………… Radigraphers…………………………… Biochemists………………………………,,,,,
,,,,,,,,58,,,79,,,,,,,,,,,853,,,,,,,,,,,,,,,,,,,,,,,,,,,,,,,,,,,,,,,,,,,,,,,,,,,,,,,,,,,,,,,Total……………………………………,,,,,
,,,,,,,,58,,,,,,,,,,,,,,,,,,,,,,,,,,,,,,,,,,,,,,,,,,,,,,,,,,,,,,,,,,,,,,,,,,,,,,,,,,,,,"Source: Ministry of Health, County Government of Kisumu *Provisional",,,,,
,,,,,,,,72,,,,,,,,,,,,,,,,,,,,,,,,,,,,,,,,,,,,,,,,,,,,,,,,,,,,,,,,,,,,,,,,,,,,,,,,,,,,,,6 7 4 2 0 5 1 3 4 3 1 7 3 6 4 5 1 4 1 1 6 8 5 8 7 0 6 9 1 11 9 5 6 8 5 8 4 6 2 5 9 9 8 6 8 6 9 7 0 7 3 1 8 1 7 6 8 9 9 0,4 6 50 4 42 19 32 38 10 1 1 4 58 53 96 58 62 61 68 26 4 11 4,,,
,,,,,,,,80,,,,,,,,,,,,,,,,,,,,,,,,,,,,,,,,,,,,,,,,,,,,,,,,,,,,,,,,,,,,,,,,,,,,,,,,,,,,,,Mombasa …………… Kwale ……………… Kilifi ………………… Tana River ………… Lamu ……………… Taita Taveta ……… Garissa …………… Wajir ………………… Mandera …………… Marsabit …………… Isiolo ………………… Meru ………………… Tharaka Nithi ……… Embu ……………… Kitui ………………… Machakos ………… Makueni …………… Nyandarua ………… Nyeri ………………… Kirinyaga …………… Murang'a …………… Kiambu ……………… Turkana …………… West Pokot ………… Samburu …………… Trans Nzoia ………… Uasin Gishu ……… Elgeyo Marakwet … Nandi ……………… Baringo …………… Laikipia ……………… Nakuru ……………… Narok ……………… Kajiado ……………… Kericho ……………… Bomet ……………… Kakamega ………… Vihiga……………… Bungoma…………… Busia………………… Siaya…………………,,,"……. 218.9 …. 8,270.2 . 12,609.7 ………38.,436.9 …. 6,273.1 ………1…7,.084.0 ……. 44,175.0 . 56,685.8 …….25,991.5 …….70,961.2 . 25,336.1 . 6,936.2 ………2…,6.38.8 …. 2,818.0 . 30,496.5 ……….6,208.2 ……. 8,008.8 ………3.,245.3 . 3,337.1 ……. 1,479.1 ……. 2,558.8 …. 2,543.4 …….68,680.3 ………9.,169.4 …….21,022.2 ………2,.495.5 …………3,.345.2 …………3,0…2…9.8. …. 2,884.2 ……. 11,015.3 …. 9,461.9 …. 7,495.1 …. 17,933.1 …. 21,901.0 …. 2,440.5 …. 2,509.8 ……….3,051.2 …. 530.9 ……. 3,032.2 . 1,695.0 . 2,530.4","1,106,444 765,831 1,307,185 282,958 119,641 334,042 416,389 442,371 685,510 309,557 152,332 1,441,361 388,202 548,569 1,075,866 1,167,480 939,879 659,848 767,560 584,377 1,042,929 1,795,999 1,009,225 605,033 264,284 966,197 1,054,805 436,631 888,435 655,641 470,965 1,891,739 1,003,672 810,918 887,659 861,397 1,812,330 605,379 1,500,990 812,036 941,724"
,,,,,,,,80,,,,,,,,,,,,,,,,,,Kisumu,,,,,,,,,,,,,,,,,,,,,,,,,,,,,,,,,,,,,,,,,,,,,,,,,,,,,,,,,,,,Kisumu………………,,42,"…. 2,085.9","1,083,268"
,,,,,,,,80,,,,,,,,,,,,,,,,,,,,,,,,,,,,,,,,,,,,,,,,,,,,,,,,,,,,,,,,,,,,,,,,,,,,,,,,,,,,,,Homa Bay…………… Migori……………… Kisii…………………. Nyamira…………… Nairobi City…………,,,"…….3,183.3 …. 2,596.4 1,317.5 ……. 899.3 ………. 695.1","1,077,554 1,025,422 1,288,290 668,863 4,004,400"
