col_0,"Preface The implementation of the Constitution of Kenya created increased demand for comprehensive and disaggregated statistical information to inform evidence-based policy formulation, planning, budgeting process, monitoring and evaluation of various programmes at the county level. The 2020 Makueni County Statistical Abstract (CSA) is the second of its kind to be developed by Makueni County and will subsequently be produced annually. The Statistical Abstract will be a single source of information covering various sectors of the economy at the county level for the period 2015-2019. The CSA substantially derived the data used from the administrative sources generated by Government agencies in the county. In addition, some statistics were compiled from various survey reports and 2019 Kenya Population and Housing Census. The information published in this 2020 CSA will address data gaps at the county level and strengthen evidence-based decision making. The CSA is expected to provide a reliable source of information for planning, policy formulation, monitoring and evaluation processes. Therefore, the data contained in this CSA and previous CSA will also enable data users to gauge the performance of the county. Additionally, in implementing and tracking the UN Sustainable Development Goals (SDGs), Africa Agenda 2063, Kenya Vision 2030, Makueni Vision 2025, data will be instrumental. It is in this breadth that we have partnered with Kenya National Bureau of Statistics (KNBS) to strengthen the county statistics function. ICT plays a pivotal role in data management and statistics. The Covid-19 pandemic has demonstrated indeed, data and ICT are key ingredients for development. As a county we are committed to ensure integration of ICT in data and statistics processes. The county has a comprehensive and elaborate public participation framework from the village level. We are leveraging on this platform to champion for citizen generated data. In this regard, we are welcome to work with all stakeholders to support citizen generated data in order to improve on the quality of statistical information, enhance dissemination and accessibility of statistics at the county level. H.E. Prof Kivutha Kibwana Governor, Makueni County CCoouunnttyy SSttaattiissttiiccaall AAbbssttrraacctt,, 22002200 xxii",col_2,col_3,col_4,col_5,page,Sub-County,Divisions,Locations,Sub-Locations,Population,Land Area (Sq Km),Season,2016,2017,2018,2019*,Temperature,Age,2009,2019,col_6,Census Year,Male,Female,Intersex,Total,HHs,Av. HH Size,Approx. Area (Sq. Km),Density (pop/ Km2),Sub County,col_7,Age Group,Description,Wards,2013,House- holds,Avg Household,Land Are (Sq. Km),Density (Persons,Year,Births,Deaths,1100 GGoovveerrnnmmeenntt ooff MMaakkuueennii CCoouunnttyy,Institutions,Public,Private,col_8,col_9,col_10,9102,latoT,col_12,col_13,col_14,col_15,*9102,8201,col_1,8102,LATOT DNARG,"447,042","974,532",col_11,Number,2015,rebmuN dessaP,elameF,567,071,Name of Institution,Ward,Money in Ksh,Basic Computer Training 2017,Ajira Digtal-2018/2019,Google Digital Skills-2019,Advanced Computer Training-2019,2015/2016,2016/2017,2017/2018,col_16,2018/2019,col_18,col_19,col_20,col_21,2019/2020,col_23,col_24,col_25,col_26
,,"ased demand for comprehensive sed policy formulation, planning, mes at the county level. nd of its kind to be developed by The Statistical Abstract will be a nomy at the county level for the from the administrative sources me statistics were compiled from Census. at the county level and strengthen reliable source of information for es. Therefore, the data contained e the performance of the county. evelopment Goals (SDGs), Africa will be instrumental. It is in this tatistics (KNBS) to strengthen the id-19 pandemic has demonstrated ounty we are committed to ensure tion framework from the village",,,,6,,,,,,,,,,,,,,,,,,,,,,,,,,,,,,,,,,,,,,,,,,,,,,,,,,,,,,,,,,,,,,,,,,,,,,,,,,,,,,,,,,,,,,
,"Preface The implementation of the Constitution of Kenya created increased demand for comprehensive and disaggregated statistical information to inform evidence-based policy formulation, planning, budgeting process, monitoring and evaluation of various programmes at the county level. The 2020 Makueni County Statistical Abstract (CSA) is the second of its kind to be developed by Makueni County and will subsequently be produced annually. The Statistical Abstract will be a single source of information covering various sectors of the economy at the county level for the period 2015-2019. The CSA substantially derived the data used from the administrative sources generated by Government agencies in the county. In addition, some statistics were compiled from various survey reports and 2019 Kenya Population and Housing Census. The information published in this 2020 CSA will address data gaps at the county level and strengthen evidence-based decision making. The CSA is expected to provide a reliable source of information for planning, policy formulation, monitoring and evaluation processes. Therefore, the data contained in this CSA and previous CSA will also enable data users to gauge the performance of the county. Additionally, in implementing and tracking the UN Sustainable Development Goals (SDGs), Africa Agenda 2063, Kenya Vision 2030, Makueni Vision 2025, data will be instrumental. It is in this breadth that we have partnered with Kenya National Bureau of Statistics (KNBS) to strengthen the county statistics function. ICT plays a pivotal role in data management and statistics. The Covid-19 pandemic has demonstrated indeed, data and ICT are key ingredients for development. As a county we are committed to ensure integration of ICT in data and statistics processes. The county has a comprehensive and elaborate public participation framework from the village level. We are leveraging on this platform to champion for citizen generated data. In this regard, we are welcome to work with all stakeholders to support citizen generated data in order to improve on the quality of statistical information, enhance dissemination and accessibility of statistics at the county level. H.E. Prof Kivutha Kibwana Governor, Makueni County","ased demand for comprehensive sed policy formulation, planning, mes at the county level. nd of its kind to be developed by The Statistical Abstract will be a nomy at the county level for the from the administrative sources me statistics were compiled from Census. at the county level and strengthen reliable source of information for es. Therefore, the data contained e the performance of the county. evelopment Goals (SDGs), Africa will be instrumental. It is in this tatistics (KNBS) to strengthen the id-19 pandemic has demonstrated ounty we are committed to ensure tion framework from the village",,,,6,,,,,,,,,,,,,,,,,,,,,,,,,,,,,,,,,,,,,,,,,,,,,,,,,,,,,,,,,,,,,,,,,,,,,,,,,,,,,,,,,,,,,,
,,,,,,6,,,,,,,,,,,,,,,,,,,,,,,,,,,,,,,,,,,,,,,,,,,,,,,,,,,,,,,,,,,,,,,,,,,,,,,,,,,,,,,,,,,,,,
,,,,,,6,,,,,,,,,,,,,,,,,,,,,,,,,,,,,,,,,,,,,,,,,,,,,,,,,,,,,,,,,,,,,,,,,,,,,,,,,,,,,,,,,,,,,,
,,,,,,6,,,,,,,,,,,,,,,,,,,,,,,,,,,,,,,,,,,,,,,,,,,,,,,,,,,,,,,,,,,,,,,,,,,,,,,,,,,,,,,,,,,,,,
,"CCoouunnttyy SSttaattiissttiiccaall AAbbssttrraacctt,, 22002200",,,,,6,,,,,,,,,,,,,,,,,,,,,,,,,,,,,,,,,,,,,,,,,,,,,,,,,,,,,,,,,,,,,,,,,,,,,,,,,,,,,,,,,,,,,,
,,,,,,12,,5 3 2 1 3 6 3 4 5,11 10 7 4 13 17 14 11 21,19 21 16 15 30 39 24 24 55,"79,780 197,000 60,952 84,946 130,375 97,756 102,594 107,549 126,701",,,,,,,,,,,,,,,,,,,,,,,,,,,,,,,,,,,,,,,,,,,,,,,,,,,,,,,,,,,,,,,,,,,,,,,,,,,,,,,,,
,,,,,,12,Total,32,108,243,"987,653","8,176.7",,,,,,,,,,,,,,,,,,,,,,,,,,,,,,,,,,,,,,,,,,,,,,,,,,,,,,,,,,,,,,,,,,,,,,,,,,,,,,,,
,,,,,,14,,,,,,,,464.2 108.9 128 1.5 225.8,356.7 5.9 157.5 15.6 177.7,894.2 29.9 600.7 4.4 259.2,,,,,,,,,,,,,,,,,,,,,,,,,,,,,,,,,,,,,,,,,,,,,,,,,,,,,,,,,,,,,,,,,,,,,,,,,,,,
,,,,,,14,,,,,,,,17.9 29.7 23.8,17.9 30 23.95,17.3 28.8 23.05,,,,,,,,,,,,,,,,,,,,,,,,,,,,,,,,,,,,,,,,,,,,,,,,,,,,,,,,,,,,,,,,,,,,,,,,,,,,
,,Female,Total,,Female,15,,,,,,,,,,,,,,Male,Male,Total,,,,,,,,,,,,,,,,,,,,,,,,,,,,,,,,,,,,,,,,,,,,,,,,,,,,,,,,,,,,,,,,,,,,,,
,,,,,,15,,,,,,,,,,,,,,"63,876 62,445 126,321 67,846 65,423 133,269 64,703 62,497 127,200 56,163 50,119 106,282 33,256 34,240 67,496 24,912 31,560 56,472 22,259 27,210 49,469 20,165 24,216 44,381 14,592 17,319 31,911 13,349 16,993 30,342 11,756 13,939 25,695 10,119 12,117 22,236 8,340 9,436 17,776 5,081 6,629 11,710 4,848 5,702 10,550 2,911 3,894 6,805 6,391 9,952 16,343 143 126 269",,,,,,,,,,,,,,,,,,,,,,,,,,,,,,,,,,,,,,,,,,,,,,,,,,,,,,,,,,,,,,,,,,,,,,,,
,,"453,817","884,527",,"497,942",15,,,,,,,,,,,,,Total,"430,710","489,692","987,633",,,,,,,,,,,,,,,,,,,,,,,,,,,,,,,,,,,,,,,,,,,,,,,,,,,,,,,,,,,,,,,,,,,,,,
,,,,,,15,,,,,,,,,,,,,,,,,,"241,194 256,227 .. 304,654 332,171 .. 372,639 398,906 .. 430,708 453,819 .. 489,691 497,942 20",,,"497,421 636,825 771,545 884,527 987,653","88,664 5.6 .. 104,332 6.1 7,437.0 144,320 5.3 7,965.8 186,478 4.7 8,008.8 244,669 4.0 8,176.7",,,,,,,,,,,,,,,,,,,,,,,,,,,,,,,,,,,,,,,,,,,,,,,,,,,,,,,,,,,,,,,,
,,Female,Total,,Female,15,,,,,,,,,,,,,,Male,Male,Intersex,,,,,,,,,,,Total,,,,,,,,,,,,,,,,,,,,,,,,,,,,,,,,,,,,,,,,,,,,,,,,,,,,,,,,,,,
,,,,,,15,,,,,,,,,,,,,,"36,784 39,821 76,605 88,663 89,739 178,402 28,519 32,082 60,601 34,406 35,896 70,302 57,140 58,970 116,110 38,353 42,170 80,523 46,435 50,874 97,309 43,331 44,533 87,864 57,079 59,732 116,811","39,335 40,442 3 98,477 98,517 6 29,019 31,932 1 42,204 42,742 - 65,418 64,955 2 48,152 49,601 3 49,434 53,159 1 54,481 53,068 - 63,171 63,526 4",,,,,,,,,,,,,,,,,,,,,,,,,,,,,,,,,,,,,,,,,,,,,,,,,,,,,,,,,,,,,,,,,,,,,,,
,,"453,817","884,527",,"497,942",15,,,,,,,,,,,,,,"430,710","489,691",20,,,,,,,,,,Total,"987,653",,,,,,,,,,,,,,,,,,,,,,,,,,,,,,,,,,,,,,,,,,,,,,,,,,,,,,,,,,,
,,,Femal,Total,,15,,,,,,,,,,,,,,Male,Male,Female,,,,,,,,,,,Total,,,,,,,,,,,,,,,,,,,,,,,,,,,,,,,,,,,,,,,,,,,,,,,,,,,,,,,,,,,
,,,,,,15,,,,,,,,,,,,,,"12,358 12,053 24,411 40,270 38,889 79,159 105,921 102,984 208,905 47,772 44,526 92,298 107,132 117,203 224,335 231,693 223,365 455,058 198,874 230,326 429,200 184,696 201,657 386,353 214,911 237,149 452,060 19,231 26,177 45,408",,,,,,,,,,,,,,,Infants ECDE Primary School Age Secondary School Age Youth Children Adults Women of Reproductive Age Aworking Age Population Elderly Population,,,,,,,,,,,,,,,,,,,,,,,,,,,,,,,,,,,,,,,,,,,,,,,,,,,,,,,,,
,,Voters,,Voters 1,,16,,,,,,,,,Registered Voters,,,,,,,,,,,,,,,,,,,,,,Registered Voters,,,,,,,,,,,,,,,,,,,,,,,,,,,,,,,,,,,,,,,,,,,,,,,,,,,,,,,
,,,,,,16,,,,,,,,,,,,,,,,,,,,,,,,,,,,,,,"9,489 7,886 11,008 9,101 11,013 8,977 9,121 7,939",,,,,,,,,,,,,,,,,,,,,,,,,,,,,,,,,,,,,,,,,,,,,,,,,,,,,,,
,,"249,343",,"333,158",,16,,,,,,,,,"423,310",,,,,,,,,,,,,,,,,,,,,Total,"300,086",,,,,,,,,,,,,,,,,,,,,,,,,,,,,,,,,,,,,,,,,,,,,,,,,,,,,,,
,,,,,,16,,,,,,,,,,,,,,,,,,"489,691 39,335 98,477 29,019 42,204 65,418 48,152 49,434 54,481 63,171","497,942 40,442 98,517 31,932 42,742 64,955 49,601 53,159 53,068 63,526",20 3 6 1 0 2 3 1 0 4,"987,653 79,780 197,000 60,952 84,946 130,375 97,756 102,594 107,549 126,701",,,,,,,,,,,"244,669 18,365 47,912 14,586 21,756 34,479 23,734 24,833 28,185 30,819",4.0 4.3 4.1 4.2 3.9 3.8 4.1 4.1 3.8 4.1,"8,177 881 3,137 154 852 609 693 271 804 775",,,,,,,,,,,,,,,,,,,,,,,,,,,,,,,,,,,,,,,,,,,,,,,,,,,,
,,Female,Total,,Female,16,,,,,,,,,,,,,,,,Total,,,,,,,,,,,,,,,,,,,,,Male,Male,,,,,,,,,,,,,,,,,,,,,,,,,,,,,,,,,,,,,,,,,,,,,,,,
,,,,,,16,,,,,,,,,,,,,,,,,,,,,,,,,,,,,,,,,,,,,"6,948 6,597 13,545 7,380 7,063 14,443 6,620 6,366 12,986 9,253 8,864 18,117 -- -- 18,247",,,,,,,,,,,,,,,,,,,,,,,,,,,,,,,,,,,,,,,,,,,,,,,,,
,,Voters,,Voters 1,,16,,,,,,,,,Registered Voters,,,,,,,,,,,,,,,,,,,,,,Registered Voters,,,,,,,,,,,,,,,,,,,,,,,,,,,,,,,,,,,,,,,,,,,,,,,,,,,,,,,
,,,,,,16,,,,,,,,,,,,,,,,,,,,,,,,,,,,,,,"10,669 8,491 11,556 9,791 8,926 7,612 8,972 7,673 7,691 6,756 12,189 10,040",,,,,,,,,,,,,,,,,,,,,,,,,,,,,,,,,,,,,,,,,,,,,,,,,,,,,,,
,,,,,,16,,,,,,,,,,,,,,,,,,,,,,,,,,,,,,,"9,485 8,136 11,914 9,983 14,365 12,538",,,,,,,,,,,,,,,,,,,,,,,,,,,,,,,,,,,,,,,,,,,,,,,,,,,,,,,
,,,,,,16,,,,,,,,,,,,,,,,,,,,,,,,,,,,,,,"14,011 11,503 11,839 9,284 8,022 6,688 8,104 7,026",,,,,,,,,,,,,,,,,,,,,,,,,,,,,,,,,,,,,,,,,,,,,,,,,,,,,,,
,,,,,,16,,,,,,,,,,,,,,,,,,,,,,,,,,,,,,,"10,996 8,625 8,736 7,118 9,901 7,978 7,105 6,343 9,720 8,456 12,055 10,243 7,287 5,832",,,,,,,,,,,,,,,,,,,,,,,,,,,,,,,,,,,,,,,,,,,,,,,,,,,,,,,
,,,,,,16,,,,,,,,,,,,,,,,,,,,,,,,,,,,,,,"14,227 11,608 7,798 6,933 9,648 7,788 8,833 7,110 6,145 4,892 9,261 6,993",,,,,,,,,,,,,,,,,,,,,,,,,,,,,,,,,,,,,,,,,,,,,,,,,,,,,,,
,,Home,Total,,Home,16,,,,,,,,,,,,,,,,Total,,,,,,,,,,,,,,,,,,,,,HF,HF,,,,,,,,,,,,,,,,,,,,,,,,,,,,,,,,,,,,,,,,,,,,,,,,
,,,,,,16,,,,,,,,,,,,,,,,,,,,,,,,,,,,,,,,,,,,,"95.4 4.6 13,545 97.1 2.9 14,443 97.9 2.1 12,986 98.5 1.5 18,117 -- -- 18,247",,,,,,,,,,,,,,,,,,,,,,,,,,,,,,,,,,,,,,,,,,,,,,,,,
,,Expected (Number),Coverage (Per Cent),,Expected (Number),16,,,,,,,,,,,,,,,,Coverage (Per Cent),,,,,,,,,,,,,,,,,,,,,Registered (Number),Registered (Number),,,,,,,,,,,,,,,,,,,,,,,,,,,,,,,,,,,,,,,,,,,,,,,,
,,,,,,16,,,,,,,,,,,,,,,,,,,,,,,,,,,,,,,,,,,,,"13,545 20,986 64.5 14,443 20,992 68.8 12,986 20,997 61.8 18,117 21,003 86.3 18,247 -- --",,,,,,,,,,,,,,,,,,,,,,,,,,,,,,,,,,,,,,,,,,,,,,,,,
,,,,,,17,,,,,,,,,,,,,,,,,,,,,,,,,,,,,,,,,,,,,,,,,,,,,,,,,,,,,,,,,,,,,,,,,,,,,,,,,,,,,,,,,,,,,,
,,2016,2017,2018,2019*,17,,,,,,,,,,,,,,,,,,,,,,,,,,,2016,,,,,,,,,,,,,,2015,2015,2017,2018,2019*,,,,,,,,,,,,,,,,,,,,,,,,,,,,,,,,,,,,,,,,,
,,,,,,17,,,,,,,,,,,,,,,,,,,,,,,,,,,,,,,,,,,,,,,,,"1,222 1,221 1,220 1,218 1,217 885 885 905 900 902 372 372 382 384 385 - - - - - - - - - - - - - - - - 1 1 1 2 - - - - - - - - - - 1 2 2 2 2 241 389 403 349 170 15 15 15 16 16 36 39 44 46 51",,,,,,,,,,,,,,,,,,,,,,,,,,,,,,,,,,,,,,,,,,,,,
,,"2,924","2,972","2,916","2,745",17,,,,,,,,,,,,,,,,,,,,,,,,,,,344,,,,,,,,,,,,,Total,"2,772",300,360,409,400,,,,,,,,,,,,,,,,,,,,,,,,,,,,,,,,,,,,,,,,,
,,,,,,21,,,,,,,,,,,,,,,,,,,,,,,,,,,,,,,,,,,,,,,,,,,,,,,slriG syoB,,,,,,,,,,,,,,,,,,,,,,,,,,,,,,,,,,,,,,,
,,"494,652 941,132 %111 -- 250,921 280,931 %39 -- 244,721 621,911 %701 --",,,,21,,,,,,,,,,,,,,,,,,,,,,,,,,,,,,,,,,,,,,,,,,,,,,8102,latoT,,,,,,,,,,,,,,,,,,,,,,,,,,,,,,,,,,,,,,,
,,,,,,21,,,,,,,,,,,,,,,,,,,,,,,,,,,,,,,,,,,,,,,,,,,,,,,slriG,,,,,,,,,,,,,,,,,,,,,,,,,,,,,,,,,,,,,,,
,,,,,,21,,,,,,,,,,,,,,,,,,,,,,,,,,,,,,,,,,,,,,,,,,,,,,,syoB,,,,,,,,,,,,,,,,,,,,,,,,,,,,,,,,,,,,,,,
,,"226,172 948,822 %911 -- 475,231 093,821 %301 -- 840,931 507,711 %811 --",,,,21,,,,,,,,,,,,,,,,,,,,,,,,,,,,,,,,,,,,,,,,,,,,,,7102,latoT,,,,,,,,,,,,,,,,,,,,,,,,,,,,,,,,,,,,,,,
,,,,,,21,,,,,,,,,,,,,,,,,,,,,,,,,,,,,,,,,,,,,,,,,,,,,,,slriG,,,,,,,,,,,,,,,,,,,,,,,,,,,,,,,,,,,,,,,
,,,,,,21,,,,,,,,,,,,,,,,,,,,,,,,,,,,,,,,,,,,,,,,,,,,,,,syoB,,,,,,,,,,,,,,,,,,,,,,,,,,,,,,,,,,,,,,,
,,"949,462 275,622 %711 %0.89 870,031 915,811 %011 %5.89 178,431 203,611 %611 %5.79",,,,21,,,,,,,,,,,,,,,,,,,,,,,,,,,,,,,,,,,,,,,,,,,,,,6102,latoT,,,,,,,,,,,,,,,,,,,,,,,,,,,,,,,,,,,,,,,
,,,,,,21,,,,,,,,,,,,,,,,,,,,,,,,,,,,,,,,,,,,,,,,,,,,,,,slriG,,,,,,,,,,,,,,,,,,,,,,,,,,,,,,,,,,,,,,,
,,,,,,21,,,,,,,,,,,,,,,,,,,,,,,,,,,,,,,,,,,,,,,,,,,,,,,syoB,,,,,,,,,,,,,,,,,,,,,,,,,,,,,,,,,,,,,,,
,,"885,372 813,422 %221 -- 867,831 804,901 %721 -- 028,431 419,411 %711 --",,,,21,,,,,,,,,,,,,,,,,,,,,,,,,,,,,,,,,,,,,,,,,,,,,,5102,latoT,,,,,,,,,,,,,,,,,,,,,,,,,,,,,,,,,,,,,,,
,,,,,,21,,,,,,,,,,,,,,,,,,,,,,,,,,,,,,,,,,,,,,,,,,,,,,,slriG,,,,,,,,,,,,,,,,,,,,,,,,,,,,,,,,,,,,,,,
,,,,,,21,,,,,,,,,,,,,,,,,,,,,,,,,,,,,,,,,,,,,,,,,,,,,,,syoB,,,,,,,,,,,,,,,,,,,,,,,,,,,,,,,,,,,,,,,
,,,,,,21,,,,,,,,,,,,,,,,,,,,,,,,,,,,,,,,,,,,,,,,,,,,,,srotacidnI,,,,,,,,,,,,,,,,,,,,,,,,,,,,,,,,,,,,,,,,
Sub County,,,Private,,Total,21,,,,,,,,,Public,Public,,,,,Public,,,,,,,,,,,,,,,,,,,,,,,,,,,,Private,,Total,,,,Private,,Total,,,,,,,,,,,,,,,,,,,,,,,,,,,,,,,,,,,
,,Girls,Boys,Girls,,21,,,,,,,,,Boys,Boys,,,,,Boys,,,,,,,,,,,,Girls,,,,,,,,,,,,,,,,Boys,Girls,,,,Girls,Boys,Girls,,,,,,,,,,,,,,,,,,,,,,,,,,,,,,,,,,,,
,,,"250 251 1,941 1,870 49 81 760 775 2,278 1,345 1,024 1,108 692 717 517 513 455 441",,"25,133 56,005 18,074 22,371 31,437 33,931 25,824 24,910 33,937",21,,,,,,,,,"11,802 12,830 26,768 25,426 8,968 8,976 10,717 10,119 13,171 14,643 18,077 13,722 12,610 11,805 12,099 11,781 16,870 16,171","10,625 11,458 26,750 24,904 8,515 8,469 11,034 11,450 13,229 13,013 11,083 11,993 13,185 13,697 9,463 9,687 15,783 16,406",,,,,"10,091 11,092 25,434 23,639 8,142 7,917 10,231 9,723 13,467 12,523 11,523 10,479 13,697 13,185 11,593 11,654 15,815 15,274",,,,,,,,,,,,,,,,,,,,,,,,,,,,"382 402 1,779 1,722 235 242 794 756 1,695 1,759 620 782 635 581 820 893 815 838",,"22,867 55,155 17,461 24,034 29,696 24,478 28,098 20,863 33,842",,,,"417 405 1,902 1,679 220 229 682 789 1,929 1,816 685 842 666 587 961 1,014 891 824",,,,,,,,,,,,,,,,,,,,,,,,,,,,,,,,,,,,,
Grand Total,,"125,473","7,966","7,101","271,622",21,,,,,,,,,"131,082","119,667",,,,,"119,993",,,,,,,,,,,,"121,077",,,,,,,,,,,,,,,,"7,775","7,975","256,494",,,"115,486","8,353","8,185","252,017",,,,,,,,,,,,,,,,,,,,,,,,,,,,,,,,,,,
,,,,,,21,,,,,,,,,,,,,,,,,,,,,,,,,,,,,,,,,,,,,,,,,,,,,,,etavirP,,,,,,621,,,,,,,,,,,,,,,,,,,,,,,,,,,,,,,,,
,,,,,,21,,,,,,,,,,,,,,,,,,,,,,,,,,,,,,,,,,,,,,,,,,,,,,,cilbuP,,,,,,209,,,,,,,,,,,,,,,,,,,,,,,,,,,,,,,,,
,,201 591 26 97 721 321 501 701 331 7 33 6 31 72 21 8 61 11 59 261 65 66 001 111 79 19 221,,,,21,,,,,,,,,,,,,,,,,,,,,,,,,,,,,,,,,,,,,,,,,,,,,,,latoT,,,,,8102,"330,1",,,,,,,,,,,,,,,,,,,,,,,,,,,,,,,,,
,,,,,,21,,,,,,,,,,,,,,,,,,,,,,,,,,,,,,,,,,,,,,,,,,,,,,,etavirP,,,,,,331,,,,,,,,,,,,,,,,,,,,,,,,,,,,,,,,,
,,,,,,21,,,,,,,,,,,,,,,,,,,,,,,,,,,,,,,,,,,,,,,,,,,,,,,cilbuP,,,,,,009,,,,,,,,,,,,,,,,,,,,,,,,,,,,,,,,,
,,99 691 75 68 621 521 401 301 821 4 33 1 02 62 51 7 7 6 59 361 65 66 001 011 79 69 221,,,,21,,,,,,,,,,,,,,,,,,,,,,,,,,,,,,,,,,,,,,,,,,,,,,,latoT,,,,,7102,4201,,,,,,,,,,,,,,,,,,,,,,,,,,,,,,,,,
,,,,,,21,,,,,,,,,,,,,,,,,,,,,,,,,,,,,,,,,,,,,,,,,,,,,,,etavirP,,,,,,911,,,,,,,,,,,,,,,,,,,,,,,,,,,,,,,,,
,,,,,,21,,,,,,,,,,,,,,,,,,,,,,,,,,,,,,,,,,,,,,,,,,,,,,,cilbuP,,,,,,509,,,,,,,,,,,,,,,,,,,,,,,,,,,,,,,,,
,,,,,,21,,,,,,,,,,,,,,,,,,,,,,,,,,,,,,,,,,,,,,,,,,,,,,,,,,,,ytnuoC buS,latoT dnarG,,,,,,,,,,,,,,,,,,,,,,,,,,,,,,,,,
,,STD 2,STD 3,STD 4,STD 5,21,,,,,,,,,,Sub County,,,,,,STD 6,,,,,,,,,,,STD 7,,,,,,,,,,,,,,,,STD 8,Grand Total,,,,,,,,,,STD 1,,,,,,,,,,,,,,,,,,,,,,,,,,,,,,,,
,,"2,399","2,478","2,751","3,005",21,,,,,,,,,,,,,,,,"3,042",,,,,,,,,,,"3,252",,,,,,,,,,,,,,,,"2,947","22,083",,,,,,,,,,"2,209",,,,,,,,,,,,,,,,,,,,,,,,,,,,,,,,
,,"6,001","5,919","6,442","7,271",21,,,,,,,,,,,,,,,,"6,866",,,,,,,,,,,"7,133",,,,,,,,,,,,,,,,"7,105","51,654",,,,,,,,,,"4,917",,,,,,,,,,,,,,,,,,,,,,,,,,,,,,,,
,,"1,830","1,929","2,347","2,408",21,,,,,,,,,,,,,,,,"2,332",,,,,,,,,,,"2,468",,,,,,,,,,,,,,,,"1,969","16,984",,,,,,,,,,"1,701",,,,,,,,,,,,,,,,,,,,,,,,,,,,,,,,
,,"2,242","2,353","2,986","3,141",21,,,,,,,,,,,,,,,,"3,177",,,,,,,,,,,"3,612",,,,,,,,,,,,,,,,"2,744","22,484",,,,,,,,,,"2,229",,,,,,,,,,,,,,,,,,,,,,,,,,,,,,,,
,,"2,687","2,899","3,451","3,558",21,,,,,,,,,,,,,,,,"3,675",,,,,,,,,,,"3,984",,,,,,,,,,,,,,,,"3,487","26,242",,,,,,,,,,"2,501",,,,,,,,,,,,,,,,,,,,,,,,,,,,,,,,
,,"2,524","2,547","3,069","3,171",21,,,,,,,,,,,,,,,,"3,138",,,,,,,,,,,"3,293",,,,,,,,,,,,,,,,"2,875","23,076",,,,,,,,,,"2,459",,,,,,,,,,,,,,,,,,,,,,,,,,,,,,,,
,,"3,128","3,120","3,537","3,632",21,,,,,,,,,,,,,,,,"3,635",,,,,,,,,,,"3,760",,,,,,,,,,,,,,,,"3,105","26,882",,,,,,,,,,"2,965",,,,,,,,,,,,,,,,,,,,,,,,,,,,,,,,
,,"2,070","2,143","2,562","2,559",21,,,,,,,,,,,,,,,,"2,548",,,,,,,,,,,"2,797",,,,,,,,,,,,,,,,"2,402","19,150",,,,,,,,,,"2,069",,,,,,,,,,,,,,,,,,,,,,,,,,,,,,,,
,,"3,445","3,675","4,343","4,270",21,,,,,,,,,,,,,,,,"4,392",,,,,,,,,,,"4,623",,,,,,,,,,,,,,,,"4,000","32,189",,,,,,,,,,"3,441",,,,,,,,,,,,,,,,,,,,,,,,,,,,,,,,
,,"26,326","27,063","31,488","33,015",21,,,,,,,,,,Grand Total,,,,,,"32,805",,,,,,,,,,,"34,922",,,,,,,,,,,,,,,,"30,634","240,744",,,,,,,,,,"24,491",,,,,,,,,,,,,,,,,,,,,,,,,,,,,,,,
,,STD 2,STD 3,STD 4,STD 5,21,,,,,,,,,,,,,,,Sub County,STD 6,,,,,,,,,,,STD 7,,,,,,,,,,,,,,,,STD 8,Grand Total,,,,,,,,,,STD 1,,,,,,,,,,,,,,,,,,,,,,,,,,,,,,,,
,,"2,129","2,380","2,658","2,851",21,,,,,,,,,,,,,,,Kathonzweni,"3,084",,,,,,,,,,,"3,067",,,,,,,,,,,,,,,,"2,934","21,183",,,,,,,,,,"2,080",,,,,,,,,,,,,,,,,,,,,,,,,,,,,,,,
,,,,,,21,,,,,,,,,,,,,,,,,,,,,,,,,,,,,,,,,,,,,,,,,,,,"49,073",,,,,,,,,,"4,624 5,057 5,946 6,153 6,402 7,321 6,960 6,610 1,549 1,593 1,789 2,018 2,300 2,318 2,505 1,987 1,811 1,942 2,021 2,472 2,856 2,922 3,113 2,817 2,395 2,538 2,732 3,334 3,524 3,851 3,982 3,634 2,257 2,328 2,472 2,706 2,968 3,142 3,204 2,925 2,965 3,128 3,120 3,537 3,632 3,635 3,760 3,105 2,386 2,363 2,589 2,925 3,198 3,193 3,486 3,107 3,125 3,340 3,565 3,908 4,286 4,238 4,555 4,072",,,,,,,,,,,,,,,,,,,,,,,,,,,,,,,,
,,,,,,21,,,,,,,,,,,,,,,,,,,,,,,,,,,,,,,,,,,,,,,,,,,,"16,059",,,,,,,,,,,,,,,,,,,,,,,,,,,,,,,,,,,,,,,,,,
,,,,,,21,,,,,,,,,,,,,,,,,,,,,,,,,,,,,,,,,,,,,,,,,,,,"19,954",,,,,,,,,,,,,,,,,,,,,,,,,,,,,,,,,,,,,,,,,,
,,,,,,21,,,,,,,,,,,,,,,,,,,,,,,,,,,,,,,,,,,,,,,,,,,,"25,990",,,,,,,,,,,,,,,,,,,,,,,,,,,,,,,,,,,,,,,,,,
,,,,,,21,,,,,,,,,,,,,,,,,,,,,,,,,,,,,,,,,,,,,,,,,,,,"22,002",,,,,,,,,,,,,,,,,,,,,,,,,,,,,,,,,,,,,,,,,,
,,,,,,21,,,,,,,,,,,,,,,,,,,,,,,,,,,,,,,,,,,,,,,,,,,,"26,882",,,,,,,,,,,,,,,,,,,,,,,,,,,,,,,,,,,,,,,,,,
,,,,,,21,,,,,,,,,,,,,,,,,,,,,,,,,,,,,,,,,,,,,,,,,,,,"23,247",,,,,,,,,,,,,,,,,,,,,,,,,,,,,,,,,,,,,,,,,,
,,,,,,21,,,,,,,,,,,,,,,,,,,,,,,,,,,,,,,,,,,,,,,,,,,,"31,089",,,,,,,,,,,,,,,,,,,,,,,,,,,,,,,,,,,,,,,,,,
,,"24,418","26,614","29,711","32,017",21,,,,,,,,,,,,,,,Grand Total,"33,704",,,,,,,,,,,"34,632",,,,,,,,,,,,,,,,"31,191","235,479",,,,,,,,,,"23,192",,,,,,,,,,,,,,,,,,,,,,,,,,,,,,,,
,,,,,,21,,,,,,,,,,,,,,,"Source: Ministry of Education, Makueni County",,,,,,,,,,,,,,,,,,,,,,,,,,,,,,,,,,,,,,,,,,,,,,,,,,,,,,,,,,,,,,,,,,,,,,,
,,,,,,22,,,,,,,,,,,,,,,,,,,,,,,,,,,,,,,,,,,,,,,,,,,,,,,,,,,,,,,,,"766,911",,,,,,,,,,,,,,,,,,,,,,,,,,,,,
,,,,,,22,,,,,,,,,,,,,,,,,,,,,,,,,,,,,,,,,,,,,,,,,,,,,,,,,,,,,,,,,"770,121",,,,,,,,,,,,,,,,,,,,,,,,,,,,,
,,"syoB 015,1 106,3 560,1 463,1 376,1 604,1 885,1 712,1 250,2 slriG 734,1 405,3 409 083,1 418,1 964,1 715,1 581,1 849,1",,,,22,,,,,,,,,,,,,,,,,,,,,,,,,,,,,,,,,,,,,,,,,,,,,,,,,,,,,,,,8 DTS,"674,51",,,,,,,,,,,,,,,,,,,,,,,,,,,,,
,,,,,,22,,,,,,,,,,,,,,,,,,,,,,,,,,,,,,,,,,,,,,,,,,,,,,,,,,,,,,,,,"851,51",,,,,,,,,,,,,,,,,,,,,,,,,,,,,
,,"syoB 445,1 666,3 213,1 818,1 280,2 346,1 498,1 434,1 623,2 slriG 807,1 764,3 651,1 497,1 209,1 056,1 668,1 363,1 792,2",,,,22,,,,,,,,,,,,,,,,,,,,,,,,,,,,,,,,,,,,,,,,,,,,,,,,,,,,,,,,7 DTS,"917,71",,,,,,,,,,,,,,,,,,,,,,,,,,,,,
,,,,,,22,,,,,,,,,,,,,,,,,,,,,,,,,,,,,,,,,,,,,,,,,,,,,,,,,,,,,,,,,"302,71",,,,,,,,,,,,,,,,,,,,,,,,,,,,,
,,"syoB 105,1 906,3 531,1 706,1 628,1 925,1 168,1 303,1 561,2 slriG 145,1 752,3 791,1 075,1 948,1 906,1 477,1 542,1 722,2",,,,22,,,,,,,,,,,,,,,,,,,,,,,,,,,,,,,,,,,,,,,,,,,,,,,,,,,,,,,,6 DTS,"635,61",,,,,,,,,,,,,,,,,,,,,,,,,,,,,
,,,,,,22,,,,,,,,,,,,,,,,,,,,,,,,,,,,,,,,,,,,,,,,,,,,,,,,,,,,,,,,,"962,61",,,,,,,,,,,,,,,,,,,,,,,,,,,,,
,,"syoB 634,1 728,3 242,1 835,1 747,1 385,1 887,1 762,1 521,2 slriG 965,1 444,3 661,1 306,1 118,1 885,1 448,1 292,1 541,2",,,,22,,,,,,,,,,,,,,,,,,,,,,,,,,,,,,,,,,,,,,,,,,,,,,,,,,,,,,,,5 DTS,"355,61",,,,,,,,,,,,,,,,,,,,,,,,,,,,,
,,,,,,22,,,,,,,,,,,,,,,,,,,,,,,,,,,,,,,,,,,,,,,,,,,,,,,,,,,,,,,,,"264,61",,,,,,,,,,,,,,,,,,,,,,,,,,,,,
,,"syoB 382,1 321,3 161,1 664,1 357,1 983,1 486,1 352,1 511,2 slriG 864,1 913,3 681,1 025,1 896,1 086,1 358,1 903,1 822,2",,,,22,,,,,,,,,,,,,,,,,,,,,,,,,,,,,,,,,,,,,,,,,,,,,,,,,,,,,,,,4 DTS,"722,51",,,,,,,,,,,,,,,,,,,,,,,,,,,,,
,,,,,,22,,,,,,,,,,,,,,,,,,,,,,,,,,,,,,,,,,,,,,,,,,,,,,,,,,,,,,,,,"162,61",,,,,,,,,,,,,,,,,,,,,,,,,,,,,
,,"syoB 581,1 612,3 439 701,1 425,1 091,1 764,1 530,1 827,1 slriG 392,1 307,2 599 642,1 573,1 753,1 356,1 801,1 749,1",,,,22,,,,,,,,,,,,,,,,,,,,,,,,,,,,,,,,,,,,,,,,,,,,,,,,,,,,,,,,3 DTS,"683,31",,,,,,,,,,,,,,,,,,,,,,,,,,,,,
,,,,,,22,,,,,,,,,,,,,,,,,,,,,,,,,,,,,,,,,,,,,,,,,,,,,,,,,,,,,,,,,"776,31",,,,,,,,,,,,,,,,,,,,,,,,,,,,,
,,"syoB 751,1 490,3 448 080,1 382,1 302,1 574,1 799 146,1 slriG 242,1 709,2 689 261,1 404,1 123,1 356,1 370,1 408,1",,,,22,,,,,,,,,,,,,,,,,,,,,,,,,,,,,,,,,,,,,,,,,,,,,,,,,,,,,,,,2 DTS,"477,21",,,,,,,,,,,,,,,,,,,,,,,,,,,,,
,,,,,,22,,,,,,,,,,,,,,,,,,,,,,,,,,,,,,,,,,,,,,,,,,,,,,,,,,,,,,,,,"255,31",,,,,,,,,,,,,,,,,,,,,,,,,,,,,
,,"syoB 900,1 416,2 228 450,1 143,1 041,1 824,1 759 136,1 slriG 002,1 303,2 978 571,1 061,1 913,1 735,1 211,1 018,1",,,,22,,,,,,,,,,,,,,,,,,,,,,,,,,,,,,,,,,,,,,,,,,,,,,,,,,,,,,,,1 DTS,"699,11",,,,,,,,,,,,,,,,,,,,,,,,,,,,,
,,,,,,22,,,,,,,,,,,,,,,,,,,,,,,,,,,,,,,,,,,,,,,,,,,,,,,,,,,,,,,,,"594,21",,,,,,,,,,,,,,,,,,,,,,,,,,,,,
,,,,,,22,,,,,,,,,,,,,,,,,,,,,,,,,,,,,,,,,,,,,,,,,,,,,,,,,,,,,,,,DTS,LATOT,,,,,,,,,,,,,,,,,,,,,,,,,,,,,
,,,,,,22,,,,,,,,,,,,,,,,,,,,,,,,,,,,,,,,,,,,,,,,,,,,,,,,,,,,,,,,,,"684,511",,,,,,,,,,,,,,,,,,,,,,,,,,,,
,,,,,,22,,,,,,,,,,,,,,,,,,,,,,,,,,,,,,,,,,,,,,,,,,,,,,,,,,,,,,,,,,"399,911",,,,,,,,,,,,,,,,,,,,,,,,,,,,
,,"slriG 254,1 872,3 960,1 414,1 347,1 514,1 885,1 395,1 360,2 syoB 284,1 233,3 819 304,1 198,1 015,1 715,1 415,1 900,2",,,,22,,,,,,,,,,,,,,,,,,,,,,,,,,,,,,,,,,,,,,,,,,,,,,,8 edarG,,,,,,,,,,,"516,51",,,,,,,,,,,,,,,,,,,,,,,,,,,,
,,,,,,22,,,,,,,,,,,,,,,,,,,,,,,,,,,,,,,,,,,,,,,,,,,,,,,,,,,,,,,,,,"675,51",,,,,,,,,,,,,,,,,,,,,,,,,,,,
,,"slriG 945,1 134,3 072,1 565,1 799,1 285,1 498,1 588,1 982,2 syoB 815,1 925,3 532,1 845,1 589,1 226,1 668,1 106,1 662,2",,,,22,,,,,,,,,,,,,,,,,,,,,,,,,,,,,,,,,,,,,,,,,,,,,,,7 edarG,,,,,,,,,,,"264,71",,,,,,,,,,,,,,,,,,,,,,,,,,,,
,,,,,,22,,,,,,,,,,,,,,,,,,,,,,,,,,,,,,,,,,,,,,,,,,,,,,,,,,,,,,,,,,"071,71",,,,,,,,,,,,,,,,,,,,,,,,,,,,
,,"slriG 526,1 715,3 291,1 624,1 088,1 755,1 168,1 285,1 511,2 syoB 954,1 408,3 621,1 694,1 179,1 585,1 477,1 116,1 321,2",,,,22,,,,,,,,,,,,,,,,,,,,,,,,,,,,,,,,,,,,,,,,,,,,,,,6 edarG,,,,,,,,,,,"557,61",,,,,,,,,,,,,,,,,,,,,,,,,,,,
,,,,,,22,,,,,,,,,,,,,,,,,,,,,,,,,,,,,,,,,,,,,,,,,,,,,,,,,,,,,,,,,,"949,61",,,,,,,,,,,,,,,,,,,,,,,,,,,,
,,"slriG 994,1 680,3 631,1 104,1 317,1 743,1 887,1 565,1 451,2 syoB 253,1 613,3 461,1 554,1 118,1 126,1 448,1 336,1 231,2",,,,22,,,,,,,,,,,,,,,,,,,,,,,,,,,,,,,,,,,,,,,,,,,,,,,5 edarG,,,,,,,,,,,"986,51",,,,,,,,,,,,,,,,,,,,,,,,,,,,
,,,,,,22,,,,,,,,,,,,,,,,,,,,,,,,,,,,,,,,,,,,,,,,,,,,,,,,,,,,,,,,,,"823,61",,,,,,,,,,,,,,,,,,,,,,,,,,,,
,,"slriG 314,1 819,2 559 181,1 106,1 772,1 486,1 814,1 578,1 syoB 542,1 532,3 360,1 192,1 337,1 924,1 358,1 705,1 330,2",,,,22,,,,,,,,,,,,,,,,,,,,,,,,,,,,,,,,,,,,,,,,,,,,,,,4 edarG,,,,,,,,,,,"223,41",,,,,,,,,,,,,,,,,,,,,,,,,,,,
,,,,,,22,,,,,,,,,,,,,,,,,,,,,,,,,,,,,,,,,,,,,,,,,,,,,,,,,,,,,,,,,,"983,51",,,,,,,,,,,,,,,,,,,,,,,,,,,,
,,"slriG 242,1 308,2 318 089 233,1 861,1 764,1 803,1 176,1 syoB 831,1 341,3 679 140,1 004,1 403,1 356,1 182,1 498,1",,,,22,,,,,,,,,,,,,,,,,,,,,,,,,,,,,,,,,,,,,,,,,,,,,,,3 edarG,,,,,,,,,,,"487,21",,,,,,,,,,,,,,,,,,,,,,,,,,,,
,,,,,,22,,,,,,,,,,,,,,,,,,,,,,,,,,,,,,,,,,,,,,,,,,,,,,,,,,,,,,,,,,"038,31",,,,,,,,,,,,,,,,,,,,,,,,,,,,
,,"slriG 551,1 953,2 067 719 541,1 680,1 574,1 921,1 306,1 syoB 479 896,2 338 520,1 393,1 242,1 356,1 432,1 737,1",,,,22,,,,,,,,,,,,,,,,,,,,,,,,,,,,,,,,,,,,,,,,,,,,,,,2 edarG,,,,,,,,,,,"926,11",,,,,,,,,,,,,,,,,,,,,,,,,,,,
,,,,,,22,,,,,,,,,,,,,,,,,,,,,,,,,,,,,,,,,,,,,,,,,,,,,,,,,,,,,,,,,,"987,21",,,,,,,,,,,,,,,,,,,,,,,,,,,,
,,"slriG 751,1 742,2 227 938 211,1 740,1 824,1 471,1 405,1 syoB 329 773,2 728 279 382,1 012,1 735,1 212,1 126,1",,,,22,,,,,,,,,,,,,,,,,,,,,,,,,,,,,,,,,,,,,,,,,,,,,,,1 edarG,,,,,,,,,,,"032,11",,,,,,,,,,,,,,,,,,,,,,,,,,,,
,,,,,,22,,,,,,,,,,,,,,,,,,,,,,,,,,,,,,,,,,,,,,,,,,,,,,,,,,,,,,,,,,"269,11",,,,,,,,,,,,,,,,,,,,,,,,,,,,
,,,,,,22,,,,,,,,,,,,,,,,,,,,,,,,,,,,,,,,,,,,,,,,,,,,,,,xeS/edarG,,,,,,,,,,,latoT,,,,,,,,,,,,,,,,,,,,,,,,,,,,
Sub County,,Girls,Total,,Girls,22,,,,,,,,,,Boys,Boys,,,,,Total,,,,,,,,,,,,,,,,,,,,,,,,,,,,,,,,,,,,,,,,,,,,,,,,,,,,,,,,,,,,,,,,,,,,,,
Kathonzweni,,"1,581","3,043",,"1,454",22,,,,,,,,,,"1,462","1,572",,,,,"3,026",,,,,,,,,,,,,,,,,,,,,,,,,,,,,,,,,,,,,,,,,,,,,,,,,,,,,,,,,,,,,,,,,,,,,,
,,"3,853","7,583",,"3,278",22,,,,,,,,,,"3,730","3,332",,,,,"6,610",,,,,,,,,,,,,,,,,,,,,,,,,,,,,,,,,,,,,,,,,,,,,,,,,,,,,,,,,,,,,,,,,,,,,,
,,"1,055","1,955",,"1,045",22,,,,,,,,,,900,972,,,,,"2,017",,,,,,,,,,,,,,,,,,,,,,,,,,,,,,,,,,,,,,,,,,,,,,,,,,,,,,,,,,,,,,,,,,,,,,
,,"1,364","2,754",,,22,,,,,,,,,,"1,390","1,621 1,582 2,169 1,963 1,561 1,514 1,707 1,688 1,541 1,664 2,139 2,111",,,,,"3,203",,,,,,,,,,,,,,,,,,,,,,,,,,,,,,,,,,,,,,,,,,,,,,,,,,,,,,,,,,,,,,,,,,,,,,
,,"1,920","3,882",,,22,,,,,,,,,,"1,962",,,,,,"4,132",,,,,,,,,,,,,,,,,,,,,,,,,,,,,,,,,,,,,,,,,,,,,,,,,,,,,,,,,,,,,,,,,,,,,,
,,"1,515","3,005",,,22,,,,,,,,,,"1,490",,,,,,"3,075",,,,,,,,,,,,,,,,,,,,,,,,,,,,,,,,,,,,,,,,,,,,,,,,,,,,,,,,,,,,,,,,,,,,,,
,,"1,669","3,249",,,22,,,,,,,,,,"1,580",,,,,,"3,395",,,,,,,,,,,,,,,,,,,,,,,,,,,,,,,,,,,,,,,,,,,,,,,,,,,,,,,,,,,,,,,,,,,,,,
,,"1,550","3,168",,,22,,,,,,,,,,"1,618",,,,,,"3,205",,,,,,,,,,,,,,,,,,,,,,,,,,,,,,,,,,,,,,,,,,,,,,,,,,,,,,,,,,,,,,,,,,,,,,
,,"2,143","4,200",,,22,,,,,,,,,,"2,057",,,,,,"4,250",,,,,,,,,,,,,,,,,,,,,,,,,,,,,,,,,,,,,,,,,,,,,,,,,,,,,,,,,,,,,,,,,,,,,,
Grand Total,,"16,650","32,839",,"16,299",22,,,,,,,,,,"16,189","16,614",,,,,"32,913",,,,,,,,,,,,,,,,,,,,,,,,,,,,,,,,,,,,,,,,,,,,,,,,,,,,,,,,,,,,,,,,,,,,,,
Sub County,,Female,Total,,Female,22,,,,,,,,,,Male,,,,,Male,Total,,,,,,,,,,,,,,,,,,,,,,,,,,,,,,,,,,,,,,,,,,,,,,,,,,,,,,,,,,,,,,,,,,,,,,
Kathonzweni,,,,,,22,,,,,,,,,,"411 387 798 675 660 1,335 224 266 490 307 327 634 391 591 982 372 500 872 420 468 888 372 454 826 481 556 1,037",,,,,,,,,,,,,,,,,,,,,,,,,,,,,,,,,,,,,,,,,,,,,,,,,,,,,,,,,,,,,,,,,,,,,,,,,,,,
Grand Total,,"4,209","7,862",,"4,262",22,,,,,,,,,,"3,653",,,,,"3,784","8,046",,,,,,,,,,,,,,,,,,,,,,,,,,,,,,,,,,,,,,,,,,,,,,,,,,,,,,,,,,,,,,,,,,,,,,
,,,Form 2,,Form 3,24,,,,,,,,,,Sub County,,,,,,,,,,,,,,,,,Form 4,,,,,,,,,,,,,,,,,Total,,,,,,,,,,Form 1,,,,,Total,,,,,,,,,,,,,,,,,,,,,,,,,,,
,,Girls,Boys,Girls,Boys,24,,,,,,,,,,,,,,,,Girls,,,,,,,,,,,Boys,,,,,,,,,,,,,,,,Girls,Boys,Girls,,,,,,,,,Boys,,,,,,,,,,,,,,,,,,,,,,,,,,,,,,,,
,,,"1,180 1,285 2,150 2,209 842 867 673 983 1,720 1,834 1,085 1,166 1,518 1,469 1,770 1,400 1,752 1,892",,"1,095 1,309 1,980 2,117 828 763 656 811 1,671 1,838 1,025 1,115 1,419 1,553 1,703 1,336 1,552 1,873",24,,,,,,,,,,,,,,,,,,,,,,,,,,,"1,042 1,128 1,809 1,758 781 748 644 567 1,629 1,850 984 1,116 1,356 1,365 1,654 1,245 1,541 1,864",,,,,,,,,,,,,,,,,"4,646 5,174 8,286 8,526 3,395 3,424 2,788 3,506 7,006 7,550 4,355 4,815 6,039 5,971 7,042 5,475 6,814 7,739",,,,,,,,,,"1,329 1,452 2,347 2,442 944 1,046 815 1,145 1,986 2,028 1,261 1,418 1,746 1,584 1,915 1,494 1,969 2,110",,,,,,,,,,,,,,,,,,,,,,,,,,,,,,,,
,,"14,719","12,690","13,105","11,929",24,,,,,,,,,,Total,,,,,,"12,715",,,,,,,,,,,"11,440",,,,,,,,,,,,,,,,"11,641","50,371","52,180",,,,,,,,,"14,312",,,,,"102,551",,,,,,,,,,,,,,,,,,,,,,,,,,,
,,,,,,24,,,,,,,,,,2019,,,,,,,,,,,,,,,,,,,,,,,,,,,,,,,,,,,,,,,,,,,,,,,,,,,,,,,,,,,,,,,,,,,,,,,,,,,,
,,,Form 2,,Form 3,24,,,,,,,,,,Sub County,,,,,,,,,,,,,,,,,Form 4,,,,,,,,,,,,,,,,,Total,,,,,,,,,,Form 1,,,,,Total,,,,,,,,,,,,,,,,,,,,,,,,,,,
,,Girls,Boys,Girls,Boys,24,,,,,,,,,,,,,,,,Girls,,,,,,,,,,,Boys,,,,,,,,,,,,,,,,Girls,Boys,Girls,,,,,,,,,Boys,,,,,,,,,,,,,,,,,,,,,,,,,,,,,,,,
,,,"1,342 1,432 2,421 2,483 928 1,013 773 1,089 1,901 1,841 1,249 1,470 1,757 1,678 1,850 1,483 1,955 2,049",,"1,190 1,295 2,092 2,127 932 913 642 917 1,706 1,810 1,181 1,230 1,516 1,577 1,688 1,312 1,712 1,888",24,,,,,,,,,,,,,,,,,,,,,,,,,,,"1,097 1,305 1,936 1,986 810 668 627 768 1,637 1,885 1,022 1,100 1,359 1,420 2,142 1,289 1,495 1,721",,,,,,,,,,,,,,,,,"4,878 5,494 9,293 9,760 3,678 3,724 2,898 3,921 7,270 7,833 4,843 5,187 6,504 6,385 7,617 5,568 7,247 7,768",,,,,,,,,,"1,249 1,462 2,844 3,164 1,008 1,130 856 1,147 2,026 2,297 1,391 1,387 1,872 1,710 1,937 1,484 2,085 2,110",,,,,,,,,,,,,,,,,,,,,,,,,,,,,,,,
,,"15,891","14,176","14,538","12,659",24,,,,,,,,,,Total,,,,,,"13,069",,,,,,,,,,,"12,125",,,,,,,,,,,,,,,,"12,142","54,228","55,640",,,,,,,,,"15,268",,,,,"109,868",,,,,,,,,,,,,,,,,,,,,,,,,,,
,,,,2019,,24,,,,,,,,,,,,,,,,,,,,,,,,,,,,,,,,,,,,,,,,,,,,,,,,,,,,,,2018,,,,,,KCSE Grade,,,,,,,,,,,,,,,,,,,,,,,,,,
,,Girls,Total,Boys,Girls,24,,,,,,,,,,,,,,,,Total,,,,,,,,,,,,,,,,,,,,,,,,,,,,,,,,,,,,,,Boys,,,,,,,,,,,,,,,,,,,,,,,,,,,,,,,,
,,,,,,24,,,,,,,,,,,,,,,,,,,,,,,,,,,,,,,,,,,,,,,,,,,,,,,,,,,,,,"- - - 39 21 60 136 97 233 354 279 633 540 500 1,040 772 781 1,553 964 1,069 2,033 1,292 1,286 2,578 1,665 1,734 3,399 2,632 3,170 5,802 2,693 2,451 5,144 416 227 643",,,,,,A,,,,,,,,,,,,,,,,,,,,,,,,,,
,,,,,,24,,,,,,,,,,,,,,,,,,,,,,,,,,,,,,,,,,,,,,,,,,,,,,,,,,,,,,,,,,,,A-,,,,,,,,,,,,,,,,,,,,,,,,,,
,,,,,,24,,,,,,,,,,,,,,,,,,,,,,,,,,,,,,,,,,,,,,,,,,,,,,,,,,,,,,,,,,,,B+,,,,,,,,,,,,,,,,,,,,,,,,,,
,,,,,,24,,,,,,,,,,,,,,,,,,,,,,,,,,,,,,,,,,,,,,,,,,,,,,,,,,,,,,,,,,,,B,,,,,,,,,,,,,,,,,,,,,,,,,,
,,,,,,24,,,,,,,,,,,,,,,,,,,,,,,,,,,,,,,,,,,,,,,,,,,,,,,,,,,,,,,,,,,,B-,,,,,,,,,,,,,,,,,,,,,,,,,,
,,,,,,24,,,,,,,,,,,,,,,,,,,,,,,,,,,,,,,,,,,,,,,,,,,,,,,,,,,,,,,,,,,,C+,,,,,,,,,,,,,,,,,,,,,,,,,,
,,,,,,24,,,,,,,,,,,,,,,,,,,,,,,,,,,,,,,,,,,,,,,,,,,,,,,,,,,,,,,,,,,,C,,,,,,,,,,,,,,,,,,,,,,,,,,
,,,,,,24,,,,,,,,,,,,,,,,,,,,,,,,,,,,,,,,,,,,,,,,,,,,,,,,,,,,,,,,,,,,C-,,,,,,,,,,,,,,,,,,,,,,,,,,
,,,,,,24,,,,,,,,,,,,,,,,,,,,,,,,,,,,,,,,,,,,,,,,,,,,,,,,,,,,,,,,,,,,D+,,,,,,,,,,,,,,,,,,,,,,,,,,
,,,,,,24,,,,,,,,,,,,,,,,,,,,,,,,,,,,,,,,,,,,,,,,,,,,,,,,,,,,,,,,,,,,D,,,,,,,,,,,,,,,,,,,,,,,,,,
,,,,,,24,,,,,,,,,,,,,,,,,,,,,,,,,,,,,,,,,,,,,,,,,,,,,,,,,,,,,,,,,,,,D-,,,,,,,,,,,,,,,,,,,,,,,,,,
,,,,,,24,,,,,,,,,,,,,,,,,,,,,,,,,,,,,,,,,,,,,,,,,,,,,,,,,,,,,,,,,,,,E,,,,,,,,,,,,,,,,,,,,,,,,,,
,,"11,615","23,118","11,720","12,073",24,,,,,,,,,,,,,,,,"23,793",,,,,,,,,,,,,,,,,,,,,,,,,,,,,,,,,,,,,,"11,504",,,,,,Total,,,,,,,,,,,,,,,,,,,,,,,,,,
,,Kibwezi,Kilungu,Makindu,Makueni,24,,,,,,,,Grades,,,,,,,,Mbooni East,,,,,,,,,,,Mbooni West,,,,,,,,,,,,,,,,Mukaa,Nzaui,Total,,,,,,,,,Kathonzweni,,,,,,,,,,,,,,,,,,,,,,,,,,,,,,,,
,,,,,,24,,,,,,,,,,,,,,,,,,,,,,,,,,,,,,,,,,,,,,,,,,,,,,,,,,,,,,- - - - - - - - - 2 2 7 4 31 4 10 4 3 10 36 31 4 109 37 62 34 19 26 72 39 19 191 74 85 102 58 39 118 69 37 218 106 102 146 103 62 134 85 55 264 156 158 168 180 126 171 111 89 306 191 170 235 260 229 264 179 138 324 286 231 302 298 294 400 221 175 369 308 368 361 459 429 668 263 278 560 462 539 514 655 642 997 282 284 650 640 756 608 745 87 144 36 58 127 145 144 104 121,,,,,,,,,,,,,,,,,,,,,,,,,,,,,,,,
,,"3,006","1,323","1,141","3,149",24,,,,,,,,Total,,,,,,,,"2,409",,,,,,,,,,,"2,625",,,,,,,,,,,,,,,,"2,578","2,901","21,078",,,,,,,,,"1,946",,,,,,,,,,,,,,,,,,,,,,,,,,,,,,,,
,,Female,Total,,Female,24,,,,,,,,,,Male,Male,,,,,Total,,,,,,,,,,,,,,,,,,,,,,,,,,,,,,,,,,,,,,,,,,,,,,,,,,,,,,,,,,,,,,,,,,,,,,
,,,,,,24,Kathonzweni,,,,,,,,,174 109 283 313 194 507 117 83 200 111 73 184 315 208 523 238 116 354 239 128 367 238 155 393 265 172 437,,,,,,,,,,,,,,,,,,,,,,,,,,,,,,,,,,,,,,,,,,,,,,,,,,,,,,,,,,,,,,,,,,,,,,,,,,,,
,,,,,,24,Kibwezi,,,,,,,,,,,,,,,,,,,,,,,,,,,,,,,,,,,,,,,,,,,,,,,,,,,,,,,,,,,,,,,,,,,,,,,,,,,,,,,,,,,,,
,,,,,,24,Kilungu,,,,,,,,,,,,,,,,,,,,,,,,,,,,,,,,,,,,,,,,,,,,,,,,,,,,,,,,,,,,,,,,,,,,,,,,,,,,,,,,,,,,,
,,,,,,24,Makindu,,,,,,,,,,,,,,,,,,,,,,,,,,,,,,,,,,,,,,,,,,,,,,,,,,,,,,,,,,,,,,,,,,,,,,,,,,,,,,,,,,,,,
,,,,,,24,Makueni,,,,,,,,,,,,,,,,,,,,,,,,,,,,,,,,,,,,,,,,,,,,,,,,,,,,,,,,,,,,,,,,,,,,,,,,,,,,,,,,,,,,,
,,,,,,24,Mbooni East,,,,,,,,,,,,,,,,,,,,,,,,,,,,,,,,,,,,,,,,,,,,,,,,,,,,,,,,,,,,,,,,,,,,,,,,,,,,,,,,,,,,,
,,,,,,24,Mbooni West,,,,,,,,,,,,,,,,,,,,,,,,,,,,,,,,,,,,,,,,,,,,,,,,,,,,,,,,,,,,,,,,,,,,,,,,,,,,,,,,,,,,,
,,,,,,24,Mukaa,,,,,,,,,,,,,,,,,,,,,,,,,,,,,,,,,,,,,,,,,,,,,,,,,,,,,,,,,,,,,,,,,,,,,,,,,,,,,,,,,,,,,
,,,,,,24,Nzaui,,,,,,,,,,,,,,,,,,,,,,,,,,,,,,,,,,,,,,,,,,,,,,,,,,,,,,,,,,,,,,,,,,,,,,,,,,,,,,,,,,,,,
,,"1,238","3,248",,"1,654",24,Total,,,,,,,,,"2,010","2,080",,,,,"3,734",,,,,,,,,,,,,,,,,,,,,,,,,,,,,,,,,,,,,,,,,,,,,,,,,,,,,,,,,,,,,,,,,,,,,,
Grades,,Kibwezi,Kilungu,Makindu,Makueni,25,,,,,,,,,Kathonzweni,,,,,,,Mbooni East,,,,,,,,,,,Mbooni West,,,,,,,,,,,,,,,,Mukaa,Nzaui,Total,,,,,,,,,,,,,,,,,,,,,,,,,,,,,,,,,,,,,,,,,
,,,,,,25,,,,,,,,,"- - - - - - - - - - 1 3 1 9 4 5 3 0 - 15 19 2 58 12 20 20 4 12 41 35 8 122 57 44 54 20 36 82 65 32 134 87 91 119 81 88 149 78 41 217 118 130 160 117 103 175 95 53 314 166 158 236 190 183 312 167 126 379 220 287 316 320 322 472 188 215 397 268 366 435 445 543 854 294 357 564 476 641 617 729 696 1,153 377 367 778 732 920 748 895 87 204 53 42 163 132 188 119 106",,,,,,,,,,,,,,,,,,,,,,,,,,,,,,,,,,,,,,,,,,,,,,,,,,,,,,,,,,,,,,,,,,,,,,,,,,,,,
Total,,"3,458","1,374","1,244","3,135",25,,,,,,,,,"2,070",,,,,,,"2,272",,,,,,,,,,,"2,850",,,,,,,,,,,,,,,,"2,827","2,907","22,137",,,,,,,,,,,,,,,,,,,,,,,,,,,,,,,,,,,,,,,,,
,,Kibwezi,Kilungu,Makindu,Makueni,25,,,,,,,,,,Grades,,,,,,Mbooni East,,,,,,,,,,,Mbooni West,,,,,,,,,,,,,,,,Mukaa,Nzaui,Total,,,,,,,,,Kathonzweni,,,,,,,,,,,,,,,,,,,,,,,,,,,,,,,,
,,,,,,25,,,,,,,,,,,,,,,,,,,,,,,,,,,,,,,,,,,,,,,,,,,,,,,,,,,,,,"- - - - - - - - - 2 1 12 - 30 6 7 - 2 7 17 25 5 73 29 46 8 23 38 68 46 17 170 91 91 49 63 88 122 62 41 207 116 125 145 134 126 169 114 71 264 127 150 317 215 144 242 129 102 347 194 212 380 283 249 354 136 143 401 254 280 348 413 364 531 238 200 436 328 377 373 552 549 975 330 365 593 563 679 925 823 599 1,071 354 307 640 535 746 237 655 61 134 56 24 92 81 95 20 80",,,,,,,,,,,,,,,,,,,,,,,,,,,,,,,,
,,"3,684","1,502","1,275","3,253",25,,,,,,,,,,Total,,,,,,"2,324",,,,,,,,,,,"2,808",,,,,,,,,,,,,,,,"2,802","3,243","23,118",,,,,,,,,"2,227",,,,,,,,,,,,,,,,,,,,,,,,,,,,,,,,
,,,,,,25,,,,,,,,,,Number,,,,,,,,,,,,,,,,,,,,,,,,,,,,,,,,,,,,,,,,,,,,,,,,,,,,,,,,,,,,,,,,,,,,,,,,,,,,
,,,,,,25,,,,,,,,,,2019,,,,,,,,,,,,,,,,,,,,,,,,,,,,,,,,,,,,,,,,,,,,,,,,,,,,,,,,,,,,,,,,,,,,,,,,,,,,
,,Kibwezi,Kilungu,Makindu,Makueni,25,,,,,,,,,,Grades,,,,,,Mbooni East,,,,,,,,,,,Mbooni West,,,,,,,,,,,,,,,,Mukaa,Nzaui,Total,,,,,,,,,Kathonzweni,,,,,,,,,,,,,,,,,,,,,,,,,,,,,,,,
,,,,,,25,,,,,,,,,,,,,,,,,,,,,,,,,,,,,,,,,,,,,,,,,,,,,,,,,,,,,,- - - - - - - - - 1 4 9 1 43 13 29 7 18 14 36 15 7 136 68 77 47 58 44 89 59 31 233 135 136 90 134 89 135 92 68 273 137 154 165 190 155 255 136 90 323 163 186 219 268 204 320 165 132 357 205 236 328 324 255 457 204 217 392 266 342 453 364 342 632 182 274 378 324 444 565 423 542 946 300 343 516 445 577 653 514 496 1181 270 294 562 437 565 588 548 76 178 30 18 88 54 89 75 57,,,,,,,,,,,,,,,,,,,,,,,,,,,,,,,,
,,4,,1,,25,,,,,,,,,,,,,,,,,,,,,,,,,,,,,,,,,,,,,,,,,,,,,,,,,,,,,,,,,,,,,,,,,,,,,,,,,,,,,,,,,,,,,,
,,36,,7,,25,,,,,,,,,,,,,,,,,,,,,,,,,,,,,,,,,,,,,,,,,,,,,,,,,,,,,,,,,,,,,,,,,,,,,,,,,,,,,,,,,,,,,,
,,89,,31,,25,,,,,,,,,,,,,,,,,,,,,,,,,,,,,,,,,,,,,,,,,,,,,,,,,,,,,,,,,,,,,,,,,,,,,,,,,,,,,,,,,,,,,,
,,135,,68,,25,,,,,,,,,,,,,,,,,,,,,,,,,,,,,,,,,,,,,,,,,,,,,,,,,,,,,,,,,,,,,,,,,,,,,,,,,,,,,,,,,,,,,,
,,255,,90,,25,,,,,,,,,,,,,,,,,,,,,,,,,,,,,,,,,,,,,,,,,,,,,,,,,,,,,,,,,,,,,,,,,,,,,,,,,,,,,,,,,,,,,,
,,320,,132,,25,,,,,,,,,,,,,,,,,,,,,,,,,,,,,,,,,,,,,,,,,,,,,,,,,,,,,,,,,,,,,,,,,,,,,,,,,,,,,,,,,,,,,,
,,457,,217,,25,,,,,,,,,,,,,,,,,,,,,,,,,,,,,,,,,,,,,,,,,,,,,,,,,,,,,,,,,,,,,,,,,,,,,,,,,,,,,,,,,,,,,,
,,632,,274,,25,,,,,,,,,,,,,,,,,,,,,,,,,,,,,,,,,,,,,,,,,,,,,,,,,,,,,,,,,,,,,,,,,,,,,,,,,,,,,,,,,,,,,,
,,946,,343,,25,,,,,,,,,,,,,,,,,,,,,,,,,,,,,,,,,,,,,,,,,,,,,,,,,,,,,,,,,,,,,,,,,,,,,,,,,,,,,,,,,,,,,,
,,1181,,294,,25,,,,,,,,,,,,,,,,,,,,,,,,,,,,,,,,,,,,,,,,,,,,,,,,,,,,,,,,,,,,,,,,,,,,,,,,,,,,,,,,,,,,,,
,,178,,18,,25,,,,,,,,,,,,,,,,,,,,,,,,,,,,,,,,,,,,,,,,,,,,,,,,,,,,,,,,,,,,,,,,,,,,,,,,,,,,,,,,,,,,,,
,,"4,233","1,462","1,475","3,301",25,,,,,,,,,,Total,,,,,,"2,247",,,,,,,,,,,"2,835",,,,,,,,,,,,,,,,"2,898","3,190","23,859",,,,,,,,,"2,218",,,,,,,,,,,,,,,,,,,,,,,,,,,,,,,,
,,Female,,Female,,25,,,,,,,,Male,Male,Male,,,,,Male,Female,,,,,,,,,,,,,,,,,,,,,,,,,,,Female,,Female,,,,,,,,,,,,,,,,Male,,,,,,,,,,,,,,,,,,,,,,,,,
,,,,,,25,,,,,,,,393 283 250 146 229 209 838 613 164 148 181 218,537 328 323 163 237 243 979 708 214 174 193 259,"541 347 205 130 194 186 1,037 677 215 157 207 229",,,,,,,,,,,,,,,,,,,,,,,,,,,,,,,,,,,,,,,,,,,,,,,,,,,335 250 176 142 205 193 772 518 163 140 210 207,,,,,,,,,,,,,,,,,,,,,,,,,
,,"1,450",,"1,617",,25,,,,,,,,"2,055","2,483","2,399",,,,,"2,497","1,875",,,,,,,,,,Total,,,,,,,,,,,,,,,,,"1,726",,"2,110",,,,,,,,,,,,,,,,"1,861",,,,,,,,,,,,,,,,,,,,,,,,,
,,,,,,26,,,,,,,,,,,,,,,,,,,,,,,,,,,,,,,,,,,,,,,,,,,,,,,,,,,,,,,,,,,,,,,elaM,,,,,,,,,,,,,,,,,,,,,,,
,,,,,,26,,,,,,,,,,,,,,,,,,,,,,,,,,,,,,,,,,,,,,,,,,,,,,,,,,,,,,,,,,,,,,taS rebmuN,elameF,,,,,,,,,,,,,,,,,,,,,,,
,,,,,,26,,,,,,,,,,,,,,,,,,,,,,,,,,,,,,,,,,,,,,,,,,,,,,,,,,,,,,,,,,,,,,,elaM,,,,,,,,,,,,,,,,,,,,,,,
,,,,,,26,,,,,,,,,,,,,,,,,,,,,,,,,,,,,,,,,,,,,,,,,,,,,,8102,,,,,,,,,,,,,,,,rebmuN dessaP,elameF,,,,,,,,,,,,,,,,,,,,,,,
,,,,,,26,,,,,,,,,,,,,,,,,,,,,,,,,,,,,,,,,,,,,,,,,,,,,,,,,,,,,,,,,,,,,,,elaM,,,,,,,,,,,,,,,,,,,,,,,
,,,,,,26,,,,,,,,,,,,,,,,,,,,,,,,,,,,,,,,,,,,,,,,,,,,,,,,,,,,,,,,,,,,,,taS rebmuN,elameF,,,,,,,,,,,,,,,,,,,,,,,
,,,,,,26,,,,,,,,,,,,,,,,,,,,,,,,,,,,,,,,,,,,,,,,,,,,,,,,,,,,,,,,,,,,,,,elaM,,,,,,,,,,,,,,,,,,,,,,,
,,,,,,26,,,,,,,,,,,,,,,,,,,,,,,,,,,,,,,,,,,,,,,,,,,,,,7102,,,,,,,,,,,,,,,,rebmuN dessaP,elameF,,,,,,,,,,,,,,,,,,,,,,,
,,,,,,26,,,,,,,,,,,,,,,,,,,,,,,,,,,,,,,,,,,,,,,,,,,,,,,,,,,,,,,,,,,,,,,elaM,,,,,,,,,,,,,,,,,,,,,,,
,,,,,,26,,,,,,,,,,,,,,,,,,,,,,,,,,,,,,,,,,,,,,,,,,,,,,,,,,,,,,,,,,,,,,taS rebmuN,elameF,,,,,,,,,,,,,,,,,,,,,,,
,,,,,,26,,,,,,,,,,,,,,,,,,,,,,,,,,,,,,,,,,,,,,,,,,,,,,,,,,,,,,,,,,,,,,,elaM,,,,,,,,,,,,,,,,,,,,,,,
,,,,,,26,,,,,,,,,,,,,,,,,,,,,,,,,,,,,,,,,,,,,,,,,,,,,,6102,,,,,,,,,,,,,,,,rebmuN dessaP,elameF,,,,,,,,,,,,,,,,,,,,,,,
,,,,,,26,,,,,,,,,,,,,,,,,,,,,,,,,,,,,,,,,,,,,,,,,,,,,,,,,,,,,,,,,,,,,,,elaM,,,,,,,,,,,,,,,,,,,,,,,
,,,,,,26,,,,,,,,,,,,,,,,,,,,,,,,,,,,,,,,,,,,,,,,,,,,,,,,,,,,,,,,,,,,,,taS rebmuN,elameF,,,,,,,,,,,,,,,,,,,,,,,
,,,,,,26,,,,,,,,,,,,,,,,,,,,,,,,,,,,,,,,,,,,,,,,,,,,,,,,,,,,,,,,,,,,,,,elaM,,,,,,,,,,,,,,,,,,,,,,,
,,,,,,26,,,,,,,,,,,,,,,,,,,,,,,,,,,,,,,,,,,,,,,,,,,,,,5102,,,,,,,,,,,,,,,,rebmuN dessaP,elameF,,,,,,,,,,,,,,,,,,,,,,,
,,,,,,26,,,,,,,,,,,,,,,,,,,,,,,,,,,,,,,,,,,,,,,,,,,,,,,,,,,,,,,,,,,,,,,elaM,,,,,,,,,,,,,,,,,,,,,,,
,,,,,,26,,,,,,,,,,,,,,,,,,,,,,,,,,,,,,,,,,,,,,,,,,,,,,,,,,,,,,,,,,,,,,taS rebmuN,elameF,,,,,,,,,,,,,,,,,,,,,,,
,,,,,,26,,,,,,,,,,,,,,,,,,,,,,,,,,,,,,,,,,,,,,,,,,,,,,,,,,,,,,,,,,,,,,,elaM,,,,,,,,,,,,,,,,,,,,,,,
,,,,,,26,,,,,,,,,,,,,,,,,,,,,,,,,,,,,,,,,,,,,,,,,,,,,,ytnuoC buS,,,,,,,,,,,,,,,,,,,,,,,,,,,,,,,,,,,,,,,,
,,,,,,26,,,,,,,,,,,,,,,,,,,,,,,,,,,,,,,,,,,,,,,,,,,,,,,,,,,,,,,,,,,,,,,,712,,,,,,,,,,,,,,,,,,,,,,
,,,,,,26,,,,,,,,,,,,,,,,,,,,,,,,,,,,,,,,,,,,,,,,,,,,,,,,,,,,,,,,,,,,,,,,238,,,,,,,,,,,,,,,,,,,,,,
,,,,,,26,,,,,,,,,,,,,,,,,,,,,,,,,,,,,,,,,,,,,,,,,,,,,,,,,,,,,,,,,,,,,,,,922,,,,,,,,,,,,,,,,,,,,,,
,,,,,,26,,,,,,,,,,,,,,,,,,,,,,,,,,,,,,,,,,,,,,,,,,,,,,,,,,,,,,,,,,,,,,,,488,,,,,,,,,,,,,,,,,,,,,,
,,,,,,26,,,,,,,,,,,,,,,,,,,,,,,,,,,,,,,,,,,,,,,,,,,,,,,,,,,,,,,,,,,,,,,,461,,,,,,,,,,,,,,,,,,,,,,
,,,,,,26,,,,,,,,,,,,,,,,,,,,,,,,,,,,,,,,,,,,,,,,,,,,,,,,,,,,,,,,,,,,,,,,"533,2",,,,,,,,,,,,,,,,,,,,,,
,,,,,,26,,,,,,,,,,,,,,,,,,,,,,,,,,,,,,,,,,,,,,,,,,,,,,,,,,,,,,,,,,,,,,,,874,,,,,,,,,,,,,,,,,,,,,,
,,,,,,26,,,,,,,,,,,,,,,,,,,,,,,,,,,,,,,,,,,,,,,,,,,,,,,,,,,,,,,,,,,,,,,,504,,,,,,,,,,,,,,,,,,,,,,
,,,,,,26,,,,,,,,,,,,,,,,,,,,,,,,,,,,,,,,,,,,,,,,,,,,,,,,,,,,,,,,,,,,,,,,25,,,,,,,,,,,,,,,,,,,,,,
,,,,,,26,,,,,,,,,,,,,,,,,,,,,,,,,,,,,,,,,,,,,,,,,,,,,,,,,,,,,,,,,,,,,,,,055,,,,,,,,,,,,,,,,,,,,,,
,,,,,,26,,,,,,,,,,,,,,,,,,,,,,,,,,,,,,,,,,,,,,,,,,,,,,,,,,,,,,,,,,,,,,,,46,,,,,,,,,,,,,,,,,,,,,,
,,,,,,26,,,,,,,,,,,,,,,,,,,,,,,,,,,,,,,,,,,,,,,,,,,,,,,,,,,,,,,,,,,,,,,,453,,,,,,,,,,,,,,,,,,,,,,
,,,,,,26,,,,,,,,,,,,,,,,,,,,,,,,,,,,,,,,,,,,,,,,,,,,,,,,,,,,,,,,,,,,,,,,95,,,,,,,,,,,,,,,,,,,,,,
,,,,,,26,,,,,,,,,,,,,,,,,,,,,,,,,,,,,,,,,,,,,,,,,,,,,,,,,,,,,,,,,,,,,,,,814,,,,,,,,,,,,,,,,,,,,,,
,,,,,,26,,,,,,,,,,,,,,,,,,,,,,,,,,,,,,,,,,,,,,,,,,,,,,,,,,,,,,,,,,,,,,,,26,,,,,,,,,,,,,,,,,,,,,,
,,,,,,26,,,,,,,,,,,,,,,,,,,,,,,,,,,,,,,,,,,,,,,,,,,,,,,,,,,,,,,,,,,,,,,,804,,,,,,,,,,,,,,,,,,,,,,
,,,,,,26,,,,,,,,,,,,,,,,,,,,,,,,,,,,,,,,,,,,,,,,,,,,,,,,,,,,,,,,,,,,,,,,55,,,,,,,,,,,,,,,,,,,,,,
,,,,,,26,,,,,,,,,,,,,,,,,,,,,,,,,,,,,,,,,,,,,,,,,,,,,,,,,,,,,,,,,,,,,,,,444,,,,,,,,,,,,,,,,,,,,,,
,,,,,,26,,,,,,,,,,,,,,,,,,,,,,,,,,,,,,,,,,,,,,,,,,,,,,,,,,,,,,,,,,,,,,,,36,,,,,,,,,,,,,,,,,,,,,,
,,,,,,26,,,,,,,,,,,,,,,,,,,,,,,,,,,,,,,,,,,,,,,,,,,,,,,,,,,,,,,,,,,,,,,,latoT,,,,,,,,,,,,,,,,,,,,,,
,,,2016,,2017,26,,,,,,,,,,,,,,,,,,,,,,,,,,,2018,,,,,,,,,,,,,,,,,2019,,,,,,,,,,2015,,,,,,Sub County/Ward,,,,,,,,,,,,,,,,,,,,,,,,,,
,,Female,Male,Female,Male,26,,,,,,,,,,,,,,,,Female,,,,,,,,,,,Male,,,,,,,,,,,,,,,,Female,Male,Female,,,,,,,,,Male,,,,,,,,,,,,,,,,,,,,,,,,,,,,,,,,
,,,393 283 - - 41 58 44 40 30 28 256 119 22 38,,537 328 - - 61 62 60 41 46 24 314 151 56 50,26,,,,,,,,,,,,,,,,,,,,,,,,,,,541 347 - - 78 65 50 68 47 26 294 128 72 60,,,,,,,,,,,,,,,,,,,,,,,,,,,335 250 - - 33 39 43 43 17 18 222 115 20 35,,,,,,,,,,,,,,,,,,,,,,,,,,,,,,,,
,,,250 146 231 136 19 10 - -,,323 163 288 147 31 14 4 2,26,,,,,,,,,,,,,,,,,,,,,,,,,,,205 130 177 97 20 15 8 18,,,,,,,,,,,,,,,,,,,,,,,,,,,176 142 176 139 - 3 - -,,,,,,,,,,,,,,,,,,,,,,,,,,,,,,,,
,,,229 209 84 87 3 7 132 111 10 4,,237 243 93 100 23 27 108 109 13 7,26,,,,,,,,,,,,,,,,,,,,,,,,,,,194 186 71 58 10 16 106 104 7 8,,,,,,,,,,,,,,,,,,,,,,,,,,,205 193 76 80 4 9 119 97 6 7,,,,,,,,,,,,,,,,,,,,,,,,,,,,,,,,
,,,838 613 235 215 208 82 195 124 70 53 13 33 - - 117 106,,979 708 246 247 252 97 255 178 78 50 19 33 22 24 107 79,26,,,,,,,,,,,,,,,,,,,,,,,,,,,"1,037 677 267 231 287 112 256 172 92 49 18 18 24 22 93 73",,,,,,,,,,,,,,,,,,,,,,,,,,,772 518 172 160 246 79 121 99 80 48 8 26 - - 145 106,,,,,,,,,,,,,,,,,,,,,,,,,,,,,,,,
,,,181 218 81 58 25 16 66 97 9 47 - - - -,,193 259 68 62 15 17 81 125 13 50 16 5 - -,26,,,,,,,,,,,,,,,,,,,,,,,,,,,207 229 57 33 15 9 90 144 31 30 8 2 6 11,,,,,,,,,,,,,,,,,,,,,,,,,,,210 207 83 51 32 27 64 91 31 38 - - - -,,,,,,,,,,,,,,,,,,,,,,,,,,,,,,,,
,,,164 148 - - 164 148 - - - -,,214 174 11 17 201 152 - - 2 5,26,,,,,,,,,,,,,,,,,,,,,,,,,,,215 157 7 13 197 130 - - 11 14,,,,,,,,,,,,,,,,,,,,,,,,,,,163 140 - - 163 140 - - - -,,,,,,Kibwezi East,,,,,,,,,,,,,,,,,,,,,,,,,,
,,"1,450","2,055","1,617","2,483",26,,,,,,,,,,,,,,,,"1,875",,,,,,,,,,,"2,399",,,,,,,,,,,,,,,,"1,726","2,497","2,110",,,,,,,,,"1,861",,,,,,Total,,,,,,,,,,,,,,,,,,,,,,,,,,
,,,,,,26,,,,,,,,,,,,,,,,,,,,,,,,,,,,,,,,,,,,,,,,,,,,,,8102,,,,,,,,,,,,,,,,,,,,,,,,,,,,,,,,,,,,,,,,
,,,,,,26,,,,,,,,,,,,,,,,,,,,,,,,,,,,,,,,,,,,,,,,,,,,,,7102,,,,,,,,,,,,,,,,,,,,,,,,,,,,,,,,,,,,,,,,
,,,,,,26,,,,,,,,,,,,,,,,,,,,,,,,,,,,,,,,,,,,,,,,,,,,,,6102,,,,,,,,,,,,,,,,,,,,,,,,,,,,,,,,,,,,,,,,
,,,,,,26,,,,,,,,,,,,,,,,,,,,,,,,,,,,,,,,,,,,,,,,,,,,,,5102,,,,,,,,,,,,,,,,,,,,,,,,,,,,,,,,,,,,,,,,
,,,,,,26,,,,,,,,,,,,,,,,,,,,,,,,,,,,,,,,,,,,,,,,,,,,,,ytnuoC buS,,,,,,,,,,,,,,,,,,,,,,,,,,,,,,,,,,,,,,,,
,,,,,,26,,,,,,,,,,,,,,,,,,,,,,,,,,,,,,,,,,,,,,,,,,,,,,,,,,,,,,,,,,,,,,,,,943,,,,,,,,,,,,,,,,,,,,,
,,,,,,26,,,,,,,,,,,,,,,,,,,,,,,,,,,,,,,,,,,,,,,,,,,,,,,,,,,,,,,,,,,,,,,,,304,,,,,,,,,,,,,,,,,,,,,
,,,,,,26,,,,,,,,,,,,,,,,,,,,,,,,,,,,,,,,,,,,,,,,,,,,,,,,,,,,,,,,,,,,,,,,,983,,,,,,,,,,,,,,,,,,,,,
,,,,,,26,,,,,,,,,,,,,,,,,,,,,,,,,,,,,,,,,,,,,,,,,,,,,,,,,,,,,,,,,,,,,,,,,142,,,,,,,,,,,,,,,,,,,,,
,,,,,,26,,,,,,,,,,,,,,,,,,,,,,,,,,,,,,,,,,,,,,,,,,,,,,,,,,,,,,,,,,,,,,,,,latoT,,,,,,,,,,,,,,,,,,,,,
,,Female,,Female,,27,,,,,,,,Male,Male,Male,,,,,Male,Female,,,,,,,,,,,,,,,,,,,,,,,,,,,Female,,Female,,,,,,,,,,,,,,,,Male,,,,,,,,,,,,,,,,,,,,,,,,,
,,221,,189,,27,,,,,,,,346,646,"1,090",,,,,"1,491",368,,,,,,,,,,,,,,,,,,,,,,,,,,,478,,619,,,,,,,,,,,,,,,,259,,,,,Wote Technical Institute,,,,,,,,,,,,,,,,,,,,
,,,,,,27,,,,,,,,- -,- -,15,,,,,27,,,,,,,,,,,,,,,,,,,,,,,,,,,,5,,11,,,,,,,,,,,,,,,,- -,,,,,Wambuli Technical Institute,,,,,,,,,,,,,,,,,,,,
,,221,,189,,27,,,,,,,,346,646,"1,105",,,,,"1,518",368,,,,,,,,,,,,,,,,,,,,,,,,,,,483,,630,,,,,,,,,,,,,,,,259,,,,,,,,,,,,,,,,,,,,,,,,,
,,,,,,27,,,,,,,,535,"1,014","1,588",,,,,"2,148",,,,,,,,,,,,,,,,,,,,,,,,,,,,,,,,,,,,,,,,,,,,,,480,,,,,Total Enrolment,,,,,,,,,,,,,,,,,,,,
,,2016/2017,2017/2018,2018/2019,2019/2020,27,,,,,,,,,,,,,,,,,,,,,,,,,,,,,,,,,,,,,,,,,,,,,,,,,,,,,,,,,,,,,,,,,,,,2015/2016,,,,,,,,,,,,,,,,,,
,,"8,911,242 1,485,207 1,485,207 1,485,207 1,485,207 1,485,207 1,485,207","9,450,000 1,575,000 1,575,000 1,575,000 1,575,000 1,575,000 1,575,000","1,165,516 194,332 194,320 194,000 194,332 194,332 194,200","4,900,000 400,000 400,000 400,000 400,000 1,400,000 1,900,000",27,,,,,,,,,,,,,,,,,,,,,,,,,,,,,,,,,,,,,,,,,,,,,,,,,,,,,,,,,,,,,,,,,,,,"8,121,372 1,353,562 1,353,562 1,353,562 1,353,562 1,353,562 1,353,562",,,,,,,,,,,,,,,,,,
,,"4,455,621 1,485,207 1,485,207 1,485,207","4,725,000 1,575,000 1,575,000 1,575,000","582,996 194,332 194,332 194,332","1,200,000 400,000 400,000 400,000",27,,,,,,,,,,,,,,,,,,,,,,,,,,,,,,,,,,,,,,,,,,,,,,,,,,,,,,,,,,,,,,,,,,,,"4,060,686 1,353,562 1,353,562 1,353,562",,,,,,,,,,,,,,,,,,
,,"5,940,828 1,485,207 1,485,207 1,485,207 1,485,207","6,300,000 1,575,000 1,575,000 1,575,000 1,575,000","776,996 194,332 194,332 194,332 194,000","1,600,000 400,000 400,000 400,000 400,000",27,,,,,,,,,,,,,,,,,,,,,,,,,,,,,,,,,,,,,,,,,,,,,,,,,,,,,,,,,,,,,,,,,,,,"5,414,124 1,353,500 1,353,562 1,353,562 1,353,500",,,,,,,,,,,,,,,,,,
,,"10,396,449 1,485,207 1,485,207 1,485,207 1,485,207 1,485,207 1,485,207 1,485,207","10,994,000 1,575,000 1,575,000 1,554,000 1,575,000 1,565,000 1,575,000 1,575,000","1,359,972 194,332 194,332 194,322 194,000 194,332 194,322 194,332","3,800,000 400,000 400,000 400,000 400,000 1,400,000 400,000 400,000",27,,,,,,,,,,,,,,,,,,,,,,,,,,,,,,,,,,,,,,,,,,,,,,,,,,,,,,,,,,,,,,,,,,,,"9,474,872 1,353,562 1,353,562 1,353,562 1,353,500 1,353,562 1,353,562 1,353,562",,,,,,,,,,,,,,,,,,
,,"8,911,242 1,485,207 1,485,207 1,485,207 1,485,207 1,485,207 1,485,207","9,450,000 1,575,000 1,575,000 1,575,000 1,575,000 1,575,000 1,575,000","1,165,972 194,332 194,322 194,322 194,332 194,332 194,332","3,400,000 400,000 400,000 400,000 400,000 400,000 1,400,000",27,,,,,,,,,,,,,,,,,,,,,,,,,,,,,,,,,,,,,,,,,,,,,,,,,,,,,,,,,,,,,,,,,,,,"8,121,372 1,353,562 1,353,562 1,353,562 1,353,562 1,353,562 1,353,562",,,,,,,,,,,,,,,,,,
,,"5,940,828 1,485,207 1,485,207 1,485,207 1,485,207","6,300,000 1,575,000 1,575,000 1,575,000 1,575,000","777,309 194,333 194,322 194,332 194,322","2,100,000 400,000 400,000 900,000 400,000",27,,,,,,,,,,,,,,,,,,,,,,,,,,,,,,,,,,,,,,,,,,,,,,,,,,,,,,,,,,,,,,,,,,,,"5,414,246 1,353,562 1,353,562 1,353,561 1,353,561",,,,,,,,,,,,,,,,,,
,,"44,556,210","47,219,000","5,828,761","17,000,000",27,,,,,,,,,,,,,,,,,,,,,"155,210,643",,,,,,,,,,,,,,,,,,,,,,,,,,,,,,,,,,,,,,,,,,,,,,Total,"40,606,672",,,,,,,,,,,,,,,,,,
,,Female,Total,,Female,27,,,,,,,,,,,,,,,,Total,,,,,,,,,,,,,,,,,,,,,,,,,,,Female,Total,,,,Total,,,,,,,,,,,Female,,,,,,,,,,Male,Male,Male,Male,,,,,,,,,,,,,,
,,,,,,27,,,,,,,,,,,,,,,,,,,,,,,,,,,,,,,,,,,,,,,,,,,,,,,,,,,,,,,,,,,,,,,,,,,,,"506 518 1,024 232 286 518 286 407 693 373 469 842 567 566 1,133 265 265 530",43 60 103 23 26 49 - - - - - - 25 31 56 19 9 28,"390 419 809 107 92 199 318 318 636 990 903 1,893 387 470 857 271 225 496",,,,,,,,,,,,,,,
,,"2,511","4,740",,126,27,Total,,,,,,,,,,,,,,,236,,,,,,,,,,,,,,,,,,,,,,,,,,,"2,427","4,890",,,,121,,,,,,,,,,,48,,,,,,,,,,"2,229",110,"2,463",73,,,,,,,,,,,,,,
,,Female,Total,,Female,27,,,,,,,,Male,Male,Male,,,,,Male,Total,,,,,,,,,,,,,,,,,,,,,,,,,,,Female,Total,,,,Total,,,,,,,,,,,Female,,,,,,,,,,,,,,,,,,,,,,,,,,,
,,,,,,27,,,,,,,,44 45 89 - - - 85 70 155 57 93 150 57 71 128 - - -,35 37 72 - - - 75 83 158 101 153 254 171 184 355 13 14 27,50 45 95 23 23 46 61 69 130 63 85 148 8 21 29 17 22 39,,,,,,,,,,,,,,,,,,,,,,,,,,,,,,,,,,,,,,,,,,,,,,,,,,,,,,,,,,,,,,,,,,,,,,,,,,,,
,,279,522,,471,27,Total,,,,,,,243,395,222,,,,,295,866,,,,,,,,,,,,,,,,,,,,,,,,,,,265,487,,,,652,,,,,,,,,,,357,,,,,,,,,,,,,,,,,,,,,,,,,,,
,,,University/ Middle Level Colleges,,Total,28,,,,,,,,,,,,,,,,,,,,,,,,,,,,,,,,,,,,,,,,,,,University/ Middle Level Colleges,,Total,,,,,University/ Middle Level Colleges,,,,,,,,,,,,,,,,,,,,,,,Secondary,Secondary,Secondary,Total,Secondary,,University/ Middle Level Colleges,,Total,Secondary,,University/ Middle Level Colleges,,Total Beneficiaries
,,Female,Male,Female,,28,,,,,,,,,,,,,,,,,,,,,,,,,,,Female,,,,,,,,,,,,,,,,Male,Female,,,,Female,,Male,Female,,,,,,,,,,,,,,,,,,,,,,Male,Male,Male,,Male,Female,Male,Female,,Male,Female,Male,Female,
,,,166 141 28 12 22 26 25 25 27 28 40 24 24 26,,"1,594 252 263 263 279 273 264",28,,,,,,,,,,,,,,,,,,,,,,,,,,,,,,,,,,,,,,,,,,,172 151 34 21 31 19 25 24 22 28 34 35 26 24,,"1,738 279 300 295 306 273 285",,,,,287 197 43 30 44 27 38 26 46 33 69 41 47 40,,,,,,,,,,,,,,,,,,,,,,,597 690 97 115 106 109 96 117 88 136 98 111 112 102,660 755 96 128 111 139 122 124 122 134 96 108 113 122,355 395 61 69 66 75 69 73 59 68 37 55 63 55,"1,234 203 212 206 206 202 205",64 70 13 12 12 10 10 19 14 10 6 7 9 12,,32 31 4 4 7 2 4 4 2 6 10 6 5 9,,197 33 31 37 32 29 35,274 315 25 22 21 17 30 38 22 31 77 87 99 120,,131 89 12 7 12 5 10 7 10 6 40 27 47 37,,
,,,82 61 25 21 38 17 19 23,,749 252 247 250,28,,,,,,,,,,,,,,,,,,,,,,,,,,,,,,,,,,,,,,,,,,,84 71 28 22 28 23 28 26,,823 284 259 280,,,,,115 105 38 35 37 40 40 30,,,,,,,,,,,,,,,,,,,,,,,277 329 97 109 84 108 96 112,318 350 120 114 85 123 113 113,203 196 59 74 76 56 68 66,619 206 209 204,37 41 18 14 11 12 8 15,,10 12 3 5 3 4 4 3,,100 40 30 30,71 68 27 24 25 22 19 22,,33 18 13 4 9 6 11 8,,
,,,104 105 24 26 27 26 23 28 30 25,,"1,046 251 268 271 256",28,,,,,,,,,,,,,,,,,,,,,,,,,,,,,,,,,,,,,,,,,,,116 93 25 22 28 28 29 22 34 21,,"1,131 275 301 288 267",,,,,155 122 36 30 36 33 44 26 39 33,,,,,,,,,,,,,,,,,,,,,,,400 437 85 116 107 108 107 113 101 100,453 469 123 105 100 145 131 106 99 113,248 305 63 75 60 79 71 66 54 85,830 204 208 207 211,50 51 9 10 16 10 11 18 14 13,,29 11 8 3 8 4 7 2 6 2,,141 30 38 38 35,95 112 23 20 29 27 19 36 24 29,,40 28 10 5 11 8 11 6 8 9,,
,,,200 200 32 20 24 27 23 38 34 37 39 27 17 31 31 20,,"1,755 241 241 278 256 257 237 245",28,,,,,,,,,,,,,,,,,,,,,,,,,,,,,,,,,,,,,,,,,,,180 159 24 23 23 25 23 22 29 19 29 25 26 25 26 20,,"1,952 272 289 289 272 287 264 279",,,,,280 220 40 31 50 29 40 31 43 34 40 31 38 31 29 33,,,,,,,,,,,,,,,,,,,,,,,636 719 103 86 89 101 121 96 84 101 76 115 78 111 85 109,735 878 120 105 96 145 120 124 103 121 100 133 92 121 104 129,404 555 53 86 61 69 53 86 60 70 52 81 65 73 60 90,"1,459 210 209 210 207 204 207 212",76 89 6 7 9 13 11 13 12 14 12 18 10 14 16 10,,40 29 7 4 8 2 7 4 4 3 4 4 6 4 4 8,,234 24 32 35 33 38 34 38,228 259 18 29 18 26 24 24 34 20 95 106 21 24 18 30,,79 76 10 7 7 12 8 9 9 7 27 23 11 8 7 10,,
,,,197 121 30 17 38 28 42 12 25 19 31 23 31 22,,"1,542 248 235 261 282 254 262",28,,,,,,,,,,,,,,,,,,,,,,,,,,,,,,,,,,,,,,,,,,,178 111 31 22 30 18 36 10 30 24 27 22 24 15,,"1,687 265 281 275 293 283 290",,,,,226 174 38 23 32 38 30 24 48 31 39 24 39 34,,,,,,,,,,,,,,,,,,,,,,,628 596 93 108 94 75 107 100 121 117 109 91 104 105,689 709 95 117 111 122 122 107 110 129 124 110 127 124,362 471 63 84 63 73 72 82 42 80 58 83 64 69,"1,233 208 206 208 201 204 206",73 88 11 10 12 22 8 14 18 10 12 19 12 13,,34 18 3 3 6 2 7 4 4 3 7 1 7 5,,213 27 42 33 35 39 37,231 246 26 28 24 23 29 31 24 20 27 32 101 112,,85 56 8 5 11 8 12 3 9 9 7 8 38 23,,
,,,97 92 35 40 24 28 12 9 26 15,,"1,014 260 295 220 239",28,,,,,,,,,,,,,,,,,,,,,,,,,,,,,,,,,,,,,,,,,,,137 61 31 16 39 14 25 21 42 10,,"1,088 267 288 266 267",,,,,169 112 40 29 34 34 52 20 43 29,,,,,,,,,,,,,,,,,,,,,,,425 400 81 104 127 116 130 69 87 111,433 457 102 118 118 117 106 114 107 108,249 296 66 73 48 90 69 63 66 70,826 208 206 204 208,53 69 13 14 15 24 13 15 12 16,,19 16 5 6 2 2 6 3 6 5,,157 38 43 37 39,127 180 24 34 32 47 51 75 20 24,,52 33 13 7 3 6 23 11 13 9,,
,,"3,171",846,720,"7,700",28,,,,,,,,,,,,,,,,,,,,,,,,,,,"3,618",,,,,,,,,,,,,,,,867,646,"8,419",,,"2,218",,"1,232",930,,,,,,,,,,,,,,,,Total,,,,,,"2,963","3,288","1,821","6,201",353,408,164,117,"1,042","1,026","1,180",420,300,"2,926"
